#id	play	status	mechanic	world (I棚バリエーション: 元idにv2/v3を付けた同一元ネタの別メカニクス版)
I-GBA-0001v2	飛んでくるもののコースを見極め、当たる寸前のぎりぎりまで引きつけてから体をかわすほど高得点になる	built	near_miss	玩具工場の試験室で、テスト係の木製人形が発射台から飛んでくる吸盤付きの玩具の矢をぎりぎりまで引きつけてかわす
I-GBA-0001v3	次々飛んでくるものの間にできる隙間を見極め、体の形をその隙間に合わせてすり抜ける	built	gap_fit	雪合戦の校庭で、雪だるまの着ぐるみを着た子どもが飛んでくる雪玉の列の隙間に体を合わせてすり抜ける
I-GBA-0002v2	弧を描いて落ちてくるものの着地点を読み、地面に着く前に受け皿をそこへ先回りさせて受け止める	built	trajectory	果樹園の収穫祭で、脚立の下に立つ手伝いの子が枝から弾け飛ぶ林檎の落ちる先を読んでかごを構える
I-GBA-0002v3	上から落ちてくるものを地面に着く前に受け止め、そのまま崩さないように受け皿の上へ積み重ねていく	built	stack	パン工房の窯前で、見習いのパン職人が棚から転がり落ちてくる焼きたての丸パンを盆の上に積み上げる
I-GBA-0003v2	ずらりと並んだそっくりな偽物の中から、1つだけ混じった本物を見つけて取る。偽物に触れると失敗	built	spot	古道具市の露店で、目利きの古物商が並んだ写し物の茶碗から本物の一碗だけを探し当てる
I-GBA-0004v2	足を止めずに走り続け、道の段差や水たまりをタップで跳び越えながら決められた距離を時間内に走り切る	built	camera_run	朝霧の河川敷で、新聞配達の少年が水たまりや石段を跳び越えて配達所まで駆け抜ける
I-GBA-0005v2	一定の拍で回ってくる縄の拍子を聴き、足元に来るたびに拍に合わせて跳び続ける	built	rhythm	港町の路地裏で、縄跳び遊びの輪に入った漁師の娘が回し手の歌う拍に合わせて跳び続ける
I-GBA-0005v3	回ってくる縄を決められた回数だけちょうど跳んで止まる。跳びすぎても足りなくても失敗	built	count_exact	体育館の昇級試験で、縄跳び教室の生徒が審判の示す回数ぴったりで跳び終えて礼をする
I-GBA-0006v2	押すたびにしばらく押せなくなる。焦って連打せず、準備が整った合図の瞬間だけ1回押す	todo	cooldown_tap	早朝の蕎麦打ち場で、見習いの弟子が生地が落ち着いた合図の瞬間だけ麺棒をひと押しする
I-GBA-0006v3	合図が出るまではどんな誘いにも触れずにじっと待ち、本当の合図が出たら1回だけ押す	built	freeze	冬の湖の氷上釣り小屋で、釣り人が浮きの小さな揺れには手を出さず、本当の引きが来た瞬間だけ糸を上げる
I-GBA-0007v2	覆いに隠れたマスを1つずつめくって下の絵を確かめ、同じ絵が隠れた2マスを見つけて揃える	built	pair_match	遺跡調査の資料室で、修復員が布をかけた壁画タイルを1枚ずつめくり、対になる絵柄を突き合わせる
I-GBA-0008v2	連打で風を送り続けて、詰まったものを時間内に勢いよく吹き飛ばす	built	mash	秋の古民家の屋根で、屋根職人が落ち葉で詰まった雨樋に手押しふいごを連打して枯れ葉を吹き飛ばす
I-GBA-0008v3	詰まった塊を押す向きと勢いを調整して、反対側の出口の外まで押し出す	built	push_out	冬の町家の屋根の上で、煙突掃除人が煙突に詰まった煤の塊をブラシで押して出口の外へ押し出す
I-GBA-0009v2	並んだものが流れていく間に、紛れ込んだ違うものがいくつあったかを数えて答える	built	counting	春の養蜂場で、養蜂家が巣箱に出入りする蜂の群れに混じった色の違う蜂の数を数える
I-GBA-0010v2	一瞬だけ見せられた2つの山を見比べ、数が多かった方をすぐに選ぶ	built	size_judge	収穫後の豆の選別小屋で、農家の娘が一瞬だけ開いた2つの升のどちらに豆が多いかを見抜く
I-GBA-0011v2	左右に動く台の真上に来た瞬間に落として、上下の形をぴったり重ね合わせる	built	drop_timing	和菓子屋の仕込み台で、菓子職人が行き来する土台の上に餡の層をぴったり重ねて落とす
I-GBA-0012v2	一度防ぐと構え直すまで次は防げない。迫ってくるものが本当に届く直前まで我慢して1回だけ防ぐ	built	cooldown_tap	春一番の吹く丘の風車小屋で、粉挽きが突風が羽根に届く直前だけ帆をたたんで羽根を守る
I-GBA-0013v2	上から伸びてくる手の真下を避けて、押し続けて左右に動き回り逃げ切る	built	dodge	夜の厨房で、つまみ食いされそうな小さな白玉団子が迫る菜箸の真下を転がって避け続ける
I-GBA-0013v3	伸びてくる手がこちらを探している間はじっと動かず、目を離した隙にだけ動いて逃げる	built	freeze	子ども部屋のおもちゃ箱で、ブリキの人形がお片付けの手に見つからないよう止まっては進んで隅の隠れ家を目指す
I-GBA-0014v2	一定のリズムで振れ続ける針が、狙いの目盛りの真上に来た瞬間に1回だけタップして止める	built	timing_one_shot	高原の気象観測所で、観測員が揺れ続ける風速計の針を基準線ぴったりで止めて記録する
I-GBA-0015v2	走りながら前方で閉じかけている隙間を見定め、閉まり切る前に滑り込んで次々くぐり抜ける	built	camera_run	閉店時刻の下町商店街で、忘れ物を届ける郵便配達人が下りかけのシャッターを滑り込みでくぐり抜けていく
I-GBA-0015v3	開いては閉じる隙間が開いている短い間にだけタップして、その中へ滑り込む	built	timing_window	宇宙港の搭乗口で、乗り遅れそうな乗客ロボットが開閉を繰り返すエアロックの開いた一瞬に飛び込む
I-GBA-0016v2	次々落ちてくるものの真下を避けながら、枝から枝へ蹴って上へ上へと登っていく	built	camera_climb	秋の大樫の木で、子リスが降ってくるどんぐりの真下を避けながら梢の巣まで枝を登る
I-GBA-0017v2	相手と交互に1球ずつ打ち合い、自分の番では球が届いた瞬間に振って打ち返し続ける	built	turn_attack	温泉宿の遊戯室で、湯上がりの客が宿の番頭と交互に卓球の球を打ち合う
I-GBA-0018v2	指で弾く速さで強さを決め、離れた的の輪の中にぴったり滑り込ませて止める	built	flick_launch	冬の凍った湖で、村の子どもが平たい石を弾いて氷に描かれた輪の中に止める
I-GBA-0018v3	弧を描いて飛ぶ軌道を読み、動く的の中に落ちるタイミングで放り投げる	built	trajectory	牧場の干し草小屋で、牧童が荷車の上を行き来する籠へ干し草の束を放り込む
I-GBA-0019v2	穴から不意に顔を出したものを、引っ込む前に狙ってタップで当てる	built	aim_shoot	夏の家庭菜園で、畑番の少女が畝の穴から顔を出すモグラ人形に玩具の水鉄砲で水を当てる
I-GBA-0020v2	押している間だけまっすぐ伸び続けるので、ちょうど届く長さになったところで離す。伸ばしすぎても足りなくても失敗	built	hold_duration	古い図書館の高い書架で、司書が伸縮する取り棒を伸ばし、上段の本の背にぴったり届いたところで止める
I-GBA-0021v2	弾む足場が一番沈んだ瞬間に踏み切って跳ね、次々と上の足場へ登っていく	built	camera_climb	雲の上の気球港で、見習い整備士が弾む係留ネットを跳ねて最上段の気球まで登っていく
I-GBA-0021v3	押し続けて力を溜め、一番効果が出る強さになった瞬間に離して跳ぶ	built	hold_charge	田植え前の田んぼで、子ガエルが後ろ脚に力を溜めて向こうの蓮の葉へ跳び移る
I-GBA-0022v2	散らばったものを指の一筆でつないでいき、時間内にできるだけ多く線で結んで拾い集める	built	connect	雪解けの野原で、山菜採りの老人が点々と顔を出すふきのとうを一筆書きでつないで摘み集める
I-GBA-0022v3	散らばったものを素早い一筆の線でまとめて刈り取り、時間内にできるだけ多く集める	built	slice	真夏の麦畑で、刈り手が風に揺れる麦の穂を一振りでまとめて刈り集める
I-GBA-0023v2	離れた点が光った順番を覚えて、同じ順に指でたどって線で結んでいく	built	memory_sequence	プラネタリウムの操作室で、解説員が一瞬点灯した星の順を覚え、同じ順で星座線を結ぶ
I-GBA-0024v2	回って流れてくるものがお手本と同じ向きか違う向きかを瞬時に見分け、正しい側の札を押す	built	judge	郵便局の仕分け室で、局員が流れてくるはがきの切手の向きがお手本どおりかを見分けて判を押す
I-GBA-0024v3	向きがバラバラなものを、お手本の向きに近い順に左からドラッグで並べ替える	built	drag_sort	美術館の展示準備室で、学芸員が傾いた額縁をまっすぐに近い順に壁へ掛け並べる
I-GBA-0025v2	引っ張る方向と強さを決めて放ち、立っているものにぶつけて時間内に倒す	todo	slingshot	雨上がりの公園の砂場で、少年がゴムのパチンコ玩具で木の実を飛ばし、砂山に立てた小旗を倒す
I-GBA-0026v2	傾きかけたものが倒れないよう、重さの釣り合いを見て上に1つずつ積み足していく	built	stack	渓流の河原で、石積み職人が平たい石を釣り合いを見ながら一つずつ積み上げていく
I-GBA-0026v3	左手で傾いた側を支え続けながら、右手で滑り落ちかけたものを戻して倒れないようにする	built	coop_2zone	引っ越しトラックの荷台で、運送屋の新人が片手で傾く箪笥を押さえ、もう片手で滑る段ボールを押し戻す
I-GBA-0027v2	流れの中を逃げるように泳ぐものを連続タップで追いかけ、器ですくい取る	built	chase	田植え前の水田で、生き物観察の子どもがすばしこいオタマジャクシを小さな網で追いかけてすくう
I-GBA-0027v3	流れてきたものをすくい上げ、種類ごとの桶へドラッグで振り分ける	built	drag_sort	山あいの養魚場の選別台で、作業員が流れてくる稚魚を大きさ別の桶へ振り分ける
I-GBA-0028v2	あちこちから噴き出す漏れ穴を狙ってタップし、栓を当てて塞いでいく	built	aim_shoot	大雨の川に浮かぶ屋形船で、船頭が屋根の雨漏り穴に木栓を投げ当てて塞ぐ
I-GBA-0028v3	場所を変えて逃げ回る漏れ口を連続タップで追いかけ、追いついて押さえる	built	chase	古いアパートの地下物置で、管理人がつぎつぎ移動する水漏れを追いかけて押さえる
I-GBA-0029v2	相手と交互に1本ずつ引き抜いていき、自分の番では抜いても崩れない1本を見極めて抜く	built	turn_attack	木のおもちゃカフェで、店主と客が交互に積み木の塔から1本ずつ抜き取る
I-GBA-0030v2	皮の筋に沿って素早い線を引き、端から1枚ずつ切るようにむいていく	built	slice	冬の果物屋の店先で、女将が蜜柑の皮を筋に沿ってすっと切り分けてむいていく
I-GBA-0030v3	指で円を描いて回し続け、途切れないように皮を1本につなげたままむき切る	todo	rotate_gesture	秋の農家の縁側で、祖母が柿を回しながら皮を1本につなげてむき、干し柿を仕込む
I-GBA-0031v2	引かれた線に沿って一息の素早い線で切り、線からはみ出さずに切り分ける	todo	slice	製本工房の断裁台で、製本職人が紙束に引かれた目印線どおりに一気に裁ち落とす
I-GBA-0032v2	弧を描いて落ちてくるものの着地点を読み、地面に着く前に口をそこへ先回りさせて食べる	todo	trajectory	真夏の縁側で、腹ぺこの子犬が放り上げられたおやつの落ちる先を読んで口で受け止める
I-GBA-0032v3	風に舞ってあちこちへ逃げるように落ちてくるものを連続タップで追いかけ、地面に着く前に口でつかまえる	todo	chase	桜並木の川べりで、ひな鳥が舞い散る花びらを追いかけてくちばしで受け止める
I-GBA-0033v2	押している間だけ中身が口へ流れ込むので、ちょうど飲み干せる長さで離す。長すぎるとこぼれ、短いと残る	todo	hold_duration	砂漠のオアシスで、喉の渇いたらくだ使いが水筒の水をこぼさず飲み干す
I-GBA-0034v2	裏返った履き物を2つずつめくり、左右揃いになる対を見つけて時間内に履かせる	todo	pair_match	老舗旅館の玄関で、下足番が客の脱いだ草履をめくって左右揃いの対を探して並べる
I-GBA-0034v3	大きさの違う履き物を、足の小さい順に並んだ人の前へドラッグで並べて履かせる	todo	drag_sort	雪の日の保育園の玄関で、保育士が園児たちの長靴を足の小さい順に並べていく
I-GBA-0035v2	一瞬だけ見せられた着る順番を覚え、同じ順に衣服をタップして上から着せていく	todo	memory_sequence	雪国の朝の玄関先で、母親が一瞬見た手順どおりに子どもへ肌着とセーターとコートを着せていく
I-GBA-0035v3	バラバラに置かれた衣服を、下に着るものから上に着るものの順にドラッグで並べて着せる	todo	drag_sort	古い芝居小屋の楽屋で、衣装係が演者の衣装を重ねて着る順に衣桁へ並べ替える
I-GBA-0036v2	指で円を描いて曇った面をこすり回し、回した分だけ光が戻るので時間内に全面を磨き上げる	todo	rotate_gesture	港の船具屋で、手入れ係が真鍮の舵輪の飾り鋲を指先で円を描いて磨き上げる
I-GBA-0037v2	こびりついた汚れの帯を素早い一筆の線で削ぎ落とし、時間内にきれいにする	todo	slice	鉄板焼き店の閉店後、料理人がへらを一気に走らせて鉄板の焦げの帯を削ぎ落とす
I-GBA-0038v2	見張る虫がこちらを見ている間は手を止め、目を離した隙にだけ開いたものをつまんで閉じる	todo	freeze	温室の蘭園で、園丁が花を狙う蜂に気づかれないよう止まっては動き、開いた花を閉じていく
I-GBA-0038v3	開いたまま逃げるように動き回るものを連続タップで追いかけ、追いついたら閉じる	todo	chase	風の強い海辺の民宿で、女将が風にあおられて開いたまま転がる傘を追いかけて閉じていく
I-GBA-0039v2	連打で少しずつこじ開けていき、固く閉じたものを時間内に開け切る	todo	mash	冬の漁港の作業小屋で、牡蠣むき職人が木べらを連打で差し込んで固い殻をこじ開ける
I-GBA-0039v3	閉じたものの両端を2本の指で同時につまみ、左右へ引いて時間内に開ける	todo	pinch_zone	春の土手の豆畑で、豆摘みの子どもがそら豆のさやを両指でつまんで割り開く
I-GBA-0040v2	左右に動く枠の真上に来た瞬間に落として、決められた位置にぴったり貼り付ける	todo	drop_timing	古い駅舎の改札前で、駅員が行き来する掲示枠に合わせて時刻表の札をぴったり貼り付ける
I-GBA-0041v2	貼り付いたものの剥がれかけた端を見極め、その向きへ一気に払って剥がす	todo	swipe_direction	夏休み明けの教室で、日直が窓ガラスに貼られた紙飾りを剥がれかけの向きへ一気に払って剥がす
I-GBA-0042v2	2つずつ届くもののどちらが大きいかを瞬時に見比べ、大きい方から順に送り出す	todo	size_judge	空港の手荷物カウンターで、係員が2つずつ届くスーツケースの大きい方を先にベルトへ送る
I-GBA-0042v3	バラバラに届くものを大きい順に下から積み上げ、崩さずに1つの山にまとめる	todo	stack	商店街の八百屋の店先で、店主がかぼちゃと玉ねぎとすだちを大きい順に崩さず積み上げる
I-GBA-0043v2	裏返ったものを2つずつめくり、同じ形の対を見つけて揃える	todo	pair_match	手芸店の作業台で、ボタン職人が伏せたボタンをめくって同じ形の対を揃えていく
I-GBA-0043v3	2つ並んだもののどちらが台座の凹みの大きさに近いかを瞬時に見比べて選ぶ	todo	size_judge	商店街の合鍵屋で、鍵職人が2本の鍵のどちらが鍵穴の大きさに近いかを見比べて選ぶ
I-GBA-0044v2	見た目のよく似た2つを見比べ、わずかに大きい方を瞬時に選ぶ	todo	size_judge	朝の養鶏場の選卵台で、選卵係が並んで転がってくる卵2つのうち大きい方を選り分ける
I-GBA-0045v2	押すたびにしばらく押せなくなる。誘うような光に釣られて連打せず、本当の合図のときだけ1回押す	todo	cooldown_tap	夜の川の渡し場で、渡し守が偽の呼び声には応じず、本物の合図の灯りにだけ一度ランタンを振り返す
I-GBA-0046v2	一瞬だけ光った模様を覚え、伏せたものをめくって同じ模様の2枚を揃える	todo	pair_match	茶道具店の奥座敷で、見習い店員が一瞬見た絵柄を頼りに伏せた小皿をめくって同柄の2枚を揃える
I-GBA-0046v3	一瞬だけ光った順番を覚え、その順に点と点を線で結んでいく	todo	connect	夜の港の信号所で、信号係が点滅した浮標灯の並び順を覚えて航路図に線で結ぶ
I-GBA-0047v2	直前に見せられた動きの順番を覚え、同じ順番で光る場所をタップして真似る	todo	memory_sequence	盆踊りの櫓の下で、踊りを習う子どもが先生の手振りの順を覚えて同じ順に真似る
I-GBA-0048v2	流れるリズムに合わせてタイミングよく押し続け、続けて決めるほど倍率が上がる	todo	jackpot_combo	田植え祭りの畦道で、囃子方の笛吹きが田植え唄の拍に合わせて音を吹き継いでいく
I-GBA-0049v2	一瞬だけ見せられた紋様を覚え、たくさん並んだ似た紋様の中から同じものを探して押す	todo	spot	藍染め工房の干し場で、染め職人が一瞬見せられた紋を覚え、干された反物の中から同じ紋を探す
I-GBA-0050v2	伏せたものをめくると音が鳴るので、同じ高さの音が鳴る2つを聞き分けて揃える	todo	pair_match	楽器工房の調律室で、鈴職人が伏せた鈴を鳴らして同じ音の2つを組にしていく
I-GBA-0051v2	走り続けながら、見張りの目が開く前に物陰へ跳び込み、閉じている間に次の物陰まで駆け抜ける	todo	camera_run	月夜の麦わら迷路で、かくれんぼで逃げる子どもが鬼の目を盗んで藁束の陰から陰へ駆け抜ける
I-GBA-0052v2	左右の手がかりへタップで跳び移りながら、崩れる前に壁を上へ上へと登っていく	todo	camera_climb	夏の遊園地のクライミング壁で、腕自慢の少女が出っ張りを蹴って頂上の鐘まで登る
I-GBA-0053v2	指で弾いて球を転がし、はね返りを読んで時間内に穴へ落とす	todo	flick_launch	昔ながらの駄菓子屋の奥で、店番の少年がおはじきを弾いて木の盤の穴へ落とす
I-GBA-0054v2	押している間だけ針が回るので、示された向きに来たところでぴったり離す	todo	hold_duration	帆船の操舵室で、見習い航海士が舵輪を回し続け、羅針盤の示す方位ちょうどで手を放す
I-GBA-0055v2	揺れ続けて一番高く起き上がった瞬間に1回だけタップして、横に倒れたものを立たせる	todo	timing_one_shot	寄木細工の工房で、職人がゆらゆら揺れる木彫りの人形が一番起き上がった瞬間に指で支えて立たせる
I-GBA-0055v3	倒れたものを押す向きと強さを加減して、転がしすぎずに台の中央まで押し戻して起こす	todo	push_out	公園の芝生広場で、清掃員が転がった大玉を押して台座の中央まで戻す
I-GBA-0056v2	引っ張る向きと強さを決めて放ち、壁のはね返りを使って球を目的の場所まで届かせる	todo	slingshot	屋根裏の子ども部屋で、ひとり遊びの少年が輪ゴムの発射台でビー玉を飛ばし、積み木の壁に当てて箱へ入れる
I-GBA-0056v3	指で弾く速さで強さを加減し、転がる球を廊下の奥の受け穴でぴたりと止める	todo	flick_launch	山小屋の長い板張り廊下で、宿番が木の球を弾いて奥の受け穴に止める
I-GBA-0057v2	左右を交互にタップして大きく振り、くっついているものを時間内に振り落とす	todo	alternate_tap	雨の日の玄関先で、濡れた大型犬が左右に体を振って毛についた泥はねを振り落とす
I-GBA-0057v3	くっついて伸びたものを素早い一筆の線で断ち切り、時間内にすべて切り離す	todo	slice	山のチーズ工房で、チーズ職人が伸びるチーズの糸をへらで一振りずつ断ち切る
I-GBA-0058v2	左手と右手でそれぞれの側を受け持ち、風で傾く方を同時に押し返して水平を保ち続ける	todo	coop_2zone	高層ビルの窓拭きゴンドラで、清掃員が左右のロープを両手で操ってゴンドラを水平に保つ
I-GBA-0058v3	押し続けて左右に動き、上に乗せたものを落とさないまま垂れてくるものをよけ続ける	todo	dodge	雨季の市場の路地で、頭に果物かごを乗せた売り子が軒先から垂れる雨だれをよけて歩く
I-GBA-0059v2	1回押すごとに一定量ずつ注がれるので、器の目盛りまでちょうどの回数で止める。多くても少なくても失敗	todo	count_exact	喫茶店のカウンターで、見習いバリスタがミルクをひと押しずつ注ぎ、カップの線ぴったりで止める
I-GBA-0060v2	2つずつ差し出されるものの大きい方を瞬時に選んで先に並べ、大きい順の列を作る	todo	size_judge	植木市の苗売り場で、園芸店員が2鉢ずつ見比べて大きい方を先に棚へ並べる
I-GBA-0060v3	大きさのバラバラなものを大きい順に下から積み重ね、倒さずに1本の塔にする	todo	stack	誕生日会の居間で、主役の子が大小の重ね箱を大きい順に積んで塔にする
I-GBA-0061v2	1回締めると軋みが収まるまで次は締められない。焦らず、収まった合図のときだけ1回ずつ締めて水を止める	todo	cooldown_tap	山あいの棚田の水門で、水番の老人が軋む水門の輪を一段ずつ締めて水を止める
I-GBA-0062v2	連打で巻き続けて、伸びきった糸を時間内に巻き取る	todo	mash	正月の河川敷で、凧揚げ名人が風に流れた長い凧糸を連打で巻き取る
I-GBA-0063v2	回る針の上で光った数字の順番を覚え、同じ順に針を止めていく	todo	memory_sequence	古い電話交換局で、交換手が一瞬光った番号の順を覚えてダイヤルを同じ順に合わせる
I-GBA-0064v2	坂を滑り降り続けながら、正面から迫る障害物をタップで跳び越えてかわす	todo	camera_run	夏の砂丘で、砂すべりの少年が板で斜面を滑り降り、埋まった流木を跳び越える
I-GBA-0065v2	1回回すと歯止めが戻るまで回せない。戻った合図のたびに1回ずつ回して、籠を上まで昇らせる	todo	cooldown_tap	渓谷のロープウェイ小屋で、機械番が手回しの巻き上げ機を歯止めが戻るたびに一段ずつ回して籠を上げる
I-GBA-0065v3	連打でペダルを踏み込み続け、時間内に高いところまで昇り切る	todo	mash	夕暮れの物見やぐらで、自転車発電係が連打でペダルを漕いで昇降台を頂上まで上げる
I-GBA-0066v2	左右に動く台が狙いの穴の真上に来た瞬間に落とし、乗っているものを穴へ入れる	todo	drop_timing	朝の養鶏場の集卵場で、係員が行き来する卵かごの真上に来た瞬間に卵をそっと落とし入れる
I-GBA-0066v3	乗っているものを指で弾いて転がし、狙った穴で止まるよう強さを加減して落とす	todo	flick_launch	冬の囲炉裏端で、老人が栗を指で弾いて灰の窪みに落とし、焼き栗を仕込む
I-GBA-0067v2	倒れているものを次々揺すって起こし、続けて起こすほど倍率が上がる	todo	jackpot_combo	保育園の遊戯室で、保育士が倒れた起き上がり人形を次々と揺すって起こしていく
I-GBA-0067v3	倒れたものを押す向きと強さを加減し、転がしすぎずに台座の上まで押し上げて立たせる	todo	push_out	河口の小さな港で、港湾作業員が倒れた浮標を押し転がして台座の上に立て直す
I-DS-0001v2	細い帯の上を走り続け、帯の切れ目はタップで跳び越えて、外れずに終点まで進む	todo	camera_run	海沿いの高架線路で、点検用の小型トロッコが途切れたレールの間を跳び越えて終着駅まで走る
I-DS-0001v3	離れた端子と端子を指でなぞって線で結び、途切れた道をつないで終点まで届ける	todo	connect	山村の電気工事で、電気工が電柱の碍子どうしを電線で結んで村の家まで灯りを届ける
I-DS-0002v2	覆いが晴れていく窓の向こうを横切るものを見逃さずに数え、その数を答える	todo	counting	夜行列車の曇った車窓越しに、乗客の子どもが外の雪原を横切る鹿の数を数える
I-DS-0003v2	画面のどこかにパッと現れたものを、消える前に狙ってタップで捕らえる	todo	aim_shoot	夏の夜の川原で、蛍観察の少年が光った瞬間の蛍に虫取り網をかぶせる
I-DS-0003v3	次々とパッと現れては消えるものを数え、最後にその数を答える	todo	counting	花火大会の記録小屋で、記録係が夜空にぱっと開いた花火の数を数えて帳面に記す
I-DS-0004v2	2本の指でつまんで運んだものを、崩れないように決められた場所へ積み上げていく	todo	stack	図書館の返却カウンターで、図書委員が返却本を両手でつまんで台車の上に崩さず積み上げる
I-DS-0004v3	運んできたものを、番号の順番に並んだ棚の正しい位置へドラッグで並べる	todo	drag_sort	町の薬局の調剤室で、薬剤師見習いが薬瓶を番号順の棚へ運んで並べる
I-DS-0005v2	相手と交互に、地面の杭を1〜3本ずつ選んで抜き、最後の1本を相手に抜かせる。自分の番では残りの本数を読んで抜く本数を決める	todo	turn_attack	湖畔のキャンプ場で、キャンパーが相棒と交互に地面の杭を1本ずつ抜き、張ったタープを最後まで倒さない
I-DS-0006v2	指で円を描いて回し、決められた回転数ちょうどで止める。回しすぎても足りなくても失敗	todo	count_exact	老舗の製麺所で、麺職人が手回しの製麺機を決められた回数だけ回して麺を切り出す
I-DS-0007v2	炎の揺れている向きを見て、その向きへ払うように風を送り、並んだ灯りを消していく	todo	swipe_direction	誕生日の食卓で、主役の少年が並んだロウソクを炎の揺れ向きに合わせて払って消していく
I-DS-0008v2	手本の文字の点を書き順どおりに指でなぞって結び、文字を書き上げる	todo	connect	町の書道教室で、習い始めの子どもが点で示された手本の字を書き順どおりに結んでいく
I-DS-0009v2	流れてくるものの光る切れ目が刃の真下に来た瞬間に下ろして、次々と切り分ける	todo	drop_timing	朝の豆腐屋の作業場で、豆腐職人が流れてくる豆腐の目印が包丁の真下に来た瞬間に下ろして切り分ける
I-DS-0010v2	伏せた破片を2枚ずつめくり、割れ目がぴったり合う対を見つけて貼り合わせる	todo	pair_match	博物館の整理室で、整理係が伏せた土器のかけらをめくって割れ目の合う対を貼り合わせる
I-DS-0010v3	バラバラの破片を元の並び順にドラッグで並べ直して、1つの形に戻す	todo	drag_sort	古い洋館の床修理で、床職人が剥がれた寄せ木の板を元の並び順に戻していく
I-DS-0011v2	途切れた溝の上をはみ出さないように指でたどり、端から端までつなぎ直す	todo	guide_path	港の造船所で、溶接見習いが鉄板の継ぎ目の溝をはみ出さずに端までたどって接いでいく
I-DS-0012v2	左右に揺れて運ばれてくるものを、塔の真上に来た瞬間に落として崩さず積み上げる	todo	drop_timing	港のコンテナヤードで、クレーン操縦士が揺れるコンテナを真上に来た瞬間に下ろして積み上げる
I-DS-0012v3	相手と交互に1つずつ積み、自分の番では崩れない位置を見極めて置いていく	todo	turn_attack	雪国の庭先で、孫が祖父と交互に雪のブロックを積んでかまくらの壁を作る
I-DS-0013v2	引き出しが光った順番を覚え、同じ順に引いて開けていく	todo	memory_sequence	漢方薬局の百味箪笥の前で、薬師見習いが光った引き出しの順を覚えて同じ順に開けていく
I-DS-0014v2	連打でつまみを少しずつ引き上げ、時間内に開いた合わせ目を閉じ切る	todo	mash	雪山のテント場で、登山者がかじかんだ指で寝袋のジッパーを連打で引き上げる
I-DS-0015v2	まだ塗られていない場所を狙って色玉をタップで当て、時間内に範囲をすべて塗りつぶす	todo	aim_shoot	運動会前日の校庭で、看板係の少年が大看板の白い部分に絵の具玉を当てて塗りつぶす
I-DS-0015v3	塗る範囲の角と角を指で線で結んで囲み、囲った分だけ塗りつぶしていく	todo	connect	新築の家の庭で、塗装職人が板塀の区画を線で囲って順に塗り分けていく
I-DS-0016v2	指を往復させてこすり、書かれたものを時間内にすべて消し去る	todo	rub	月曜朝の駅の伝言板の前で、駅員が週末の書き込みをこすって消していく
I-DS-0017v2	逃げ回る目印付きのものだけを連続タップで追いかけ、ほかのものに触れずに捕まえる	todo	chase	雨上がりの竹林で、たけのこ掘りの少女がすばしこい金色の蛙だけを追いかけて捕まえる
I-DS-0017v3	次々と出入りする中に、目印のついたものが何回出てきたかを数えて答える	todo	counting	動物園の夜間観察室で、飼育員が巣穴を出入りする中の白いハリネズミの回数を数える
I-DS-0018v2	指を置いたまま離さずに見張りを続け、決められた時間いっぱい耐えてから離す。早く離しても遅れても失敗	todo	hold_duration	山頂の天文台で、観測助手が望遠鏡の追尾ボタンを押さえたまま露光時間いっぱいまで耐える
I-DS-0019v2	指で弾いて滑らせ、輪の中にある邪魔なものを押し出して自分のものを輪に残す	todo	push_out	冬の屋外リンクで、カーリング教室の生徒が石を滑らせて輪の中の邪魔石を押し出す
I-DS-0019v3	滑っていく軌道を読み、的の輪で止まるよう放つ瞬間を決める	todo	trajectory	夏の石畳の広場で、ペタンク好きの老人が転がる軌道を読んで木の目標球のそばに球を止める
I-DS-0020v2	開いては閉じる関門の真上に来た瞬間に下ろし、くぐらせて一番下まで届ける	todo	drop_timing	古い井戸端で、水汲みの少年が回る滑車の隙間に合わせて釣瓶を落とし入れ、水面まで届ける
I-DS-0021v2	1回引くごとに一定の長さずつ伸びるので、示された長さまでちょうどの回数で止める	todo	count_exact	手打ちうどん屋の厨房で、うどん職人が生地を一引きずつ伸ばして札の長さぴったりで止める
I-DS-0021v3	押している間だけ伸び続けるので、示された長さになったところでぴったり離す	todo	hold_duration	町の手芸教室で、編み物講師が毛糸玉から糸を引き出して見本の長さでぴたりと止める
I-DS-0022v2	2つ並んだもののどちらが規格の輪に近い大きさかを瞬時に見比べて選ぶ	todo	size_judge	門前町の団子屋で、団子職人が丸めた2つのうち規格の輪に近い方を選んで串に刺す
I-DS-0022v3	大きさの違うものの中から、規格の穴にぴったり通るものを選んで通していく	todo	gap_fit	冬の選果場で、みかん農家が穴の大きさに合うみかんを選んで選別板に通していく
I-DS-0023v2	曲がり続ける角度が狙いの角度に来た瞬間に1回だけタップして止める	todo	timing_one_shot	竹細工の工房で、竹職人が火であぶって曲げていく竹ひごを型の角度ぴったりで止める
I-DS-0023v3	2本並んだもののどちらが狙いの角度に近いかを瞬時に見比べて選ぶ	todo	size_judge	寺の修繕現場で、宮大工が2本の曲がった木材のどちらが図面の角度に近いかを見極める
I-DS-0024v2	次々渡されるものを素早い一筆の線で一気に切り裂き、時間内にすべて開ける	todo	slice	年末の商店の荷解き場で、店員が次々届く包み紙を一振りで裂いて中身を取り出す
I-DS-0025v2	平らに見える地面の中から、わずかな跡で埋まっているものの場所を見抜いて掘り出す	todo	spot	春の干潟で、潮干狩り客が砂の小さな穴を見抜いてあさりを掘り出す
I-DS-0026v2	泳ぎ回って逃げるものを連続タップで追いかけ、追いついたらそっとすくい上げる	todo	chase	夏休みの庭の池で、少年が逃げ回るメダカを追いかけて茶碗ですくい上げる
I-DS-0027v2	刺さっているものを2本の指で同時に挟み、まっすぐ引いて抜く	todo	pinch_zone	秋の栗林で、栗拾いの子が手袋に刺さった栗のいがを二本指で挟んで抜き取る
I-DS-0027v3	相手と交互に、色で点の違う串を1本ずつ抜く。自分の番では、抜いたあとに高い点の串が相手の番でむき出しにならない1本を選ぶ	todo	turn_attack	冬休みの炬燵で、少女が祖母と交互に山積みの竹ひごを1本ずつ崩さず抜き取る
I-DS-0028v2	繊維の筋に沿って素早い一筆の線を引き、まっすぐ割いていく	todo	slice	竹林の籠工房で、籠職人が青竹を筋に沿って一気に割いていく
I-DS-0028v3	両端を2本の指で同時につまみ、左右へ引いて筋どおりにまっすぐ割く	todo	pinch_zone	七夕前の子ども会の机で、子どもが色紙を両端からつまんで折り目どおりに割いて短冊にする
I-DS-0029v2	落ちてくるものの真下ぎりぎりをかすめるほど高得点で、当たらないように動き続ける	todo	near_miss	秋の銀杏並木で、散歩中の子犬が降ってくる銀杏の実をぎりぎりでかわしていく
I-DS-0029v3	剥がれ落ちてくるものを避けながら、足場を蹴って屋根の上へ上へと登る	todo	camera_climb	雪解けの茅葺き屋根で、屋根葺き職人が滑り落ちる雪の塊をよけながら棟まで登る
I-DS-0030v2	逃げ回るものを押す向きを見極めて追い込み、囲いの中へ押し入れる	todo	push_out	山の放牧地で、牧羊犬が逃げる子羊を押して柵の中へ追い込む
I-DS-0030v3	転がって逃げ回るものの中に、目印のついたものがいくつあったかを数えて答える	todo	counting	公園の貸しボート池で、ボート番がくるくる逃げ回るアヒル型ボートの中の黄色い数を数える
I-Wii-0001v2	お手本の構えの絵と目の前の構えが同じかどうかを瞬時に見分けて、正しい側をタップする	todo	judge	日本舞踊の稽古場で、弟子が師匠の示す型と鏡に映る自分の型が同じかを見分ける
I-Wii-0001v3	構えを取ったまま合図が出るまで画面に触れずに静止し、合図と同時に1回だけ押す	todo	freeze	町の写真館のスタジオで、記念写真の子どもがシャッターの合図まで動かずに構え、合図で笑顔を作る
I-Wii-0002v2	風に流される分を読んで狙いをずらし、揺れる的にタップで当てる	todo	aim_shoot	秋の河原の紙飛行機大会で、少年が風を読んで浮かぶ輪の的に紙飛行機を当てる
I-Wii-0003v2	押し続けて左右に動き、頭の上のものを落とさないまま吹いてくる風の塊をよけ続ける	todo	dodge	春の菜の花畑の畦道で、頭に花籠を乗せた花売りの娘が吹き寄せるつむじ風をよけて進む
I-Wii-0003v3	左手で左、右手で右の重さを受け持ち、両手で同時に加減して釣り合いを保つ	todo	coop_2zone	城下町の坂道で、天秤棒を担いだ豆腐売りが左右の桶を両手で加減しながら坂を渡る
I-Wii-0004v2	見回りの目が向く寸前ぎりぎりまで動き、止まるのが遅いほど高得点。見つかったら失敗	todo	near_miss	真夜中の台所で、つまみ食いの猫が振り返る家主の目が向く寸前まで忍び寄る
I-Wii-0005v2	落ちてくるものを合図の瞬間だけ打ち返し、続けて決めるほど倍率が上がる	todo	jackpot_combo	正月の路地で、羽根つきの少女が落ちてくる羽根を続けて打ち返していく
I-Wii-0006v2	焼けかけた線の端と端子を指でなぞって結び、切れる前に正しい端子どうしをつなぐ	todo	connect	劇場の照明室で、照明係が舞台の灯りと調光盤の端子を正しく結び直していく
I-Wii-0007v2	差し出されるものの光る筋の向きを見て、その方向へ素早く払って割る	todo	swipe_direction	空手道場の演武会で、少年部の門下生が掲げられた板の木目の向きへ手刀を払って割る
I-Wii-0008v2	一度合わせると構え直すまで次は押せない。小さな揺れには乗らず、深く沈んだときだけ1回押して掛ける	todo	cooldown_tap	山の渓流の釣り宿で、宿の主人が岩魚の小さなあたりに焦らず深い引きだけに合わせる
I-Wii-0008v3	押し続けて竿をしならせ力を溜め、当たりが来た瞬間に離して一気に跳ね上げる	todo	hold_charge	夏の溜め池のほとりで、ザリガニ釣りの子どもが竿をしならせ、餌をつかんだ瞬間に跳ね上げる
I-Wii-0009v2	手に持ったものをこぼさないまま走り続け、段差をタップで跳び越えて届け先まで運ぶ	todo	camera_run	昼時のオフィス街で、出前持ちが岡持ちを抱えて段差を跳び越えながら配達先まで走る
I-Wii-0009v3	運ぶ途中で次々渡される器を、手のトレイの上に崩さず積み重ねていく	todo	stack	昼時の大衆食堂で、給仕係が下げた丼を盆の上に崩さず積み重ねていく
I-Wii-0010v2	流れる拍に合わせて押し、拍どおりに押すほど水が多くくみ上がる	todo	rhythm	田んぼの足踏み水車で、農夫が囃子の拍に合わせて踏み板を踏み、水を田へ送る
I-Wii-0011v2	鐘が鳴った順番を覚え、同じ順に鐘をタップして鳴らす	todo	memory_sequence	小学校の音楽室で、ハンドベル係の子どもが先生の鳴らした順を覚えて同じ順に鳴らす
I-Wii-0012v2	左右から来る風のどちらが強いかを揺れの大きさで見比べ、強い側を瞬時に選ぶ	todo	size_judge	漁港の旗揚げ台で、見習い漁師が左右の吹き流しの揺れを見比べて強い風の側を選ぶ
I-Wii-0012v3	左右どちらかから来る風の塊を予告の揺れで読み、押し続けて反対側へ動いてよけ続ける	todo	dodge	台風一過の商店街で、配達自転車の少女が左右から吹き付ける突風の塊をよけて進む
I-Wii-0013v2	並んだ札をひねって裏返し、同じ刻印が現れる2枚を揃える	todo	pair_match	関所跡の資料館で、学芸員見習いが伏せた木札を返して同じ焼印の対を揃える
I-Wii-0013v3	相手と交互に1枚ずつ裏返し、自分の番では相手の並びを崩す1枚を選ぶ	todo	turn_attack	公民館の囲碁クラブで、少年が老人と交互に白黒の石を1枚ずつ裏返し合う
I-Wii-0014v2	深さの違う帯を行き来する的を狙い、一番近づいた瞬間にタップで捉える	todo	aim_shoot	珊瑚礁の海で、水中写真家が泳ぎ回る魚が一番近づいた瞬間を狙ってシャッターを切る
I-Wii-0015v2	相手と交互に引き合い、相手が引いたあとの自分の番で力いっぱい引き返す	todo	turn_attack	山の釣り堀で、釣り好きの老人が大鯉と交互に糸を引き合う
I-Wii-0016v2	並んだたくさんの弁の中から、圧が上がって震えている1つを見抜いて締める	todo	spot	温泉旅館の源泉小屋で、湯守りが並んだ蛇口の中から湯気の噴き出す1本を見抜いて締める
I-Wii-0017v2	示された数だけちょうど打ち鳴らして止める。多くても少なくても失敗	todo	count_exact	帆船の甲板で、当直の水夫が時刻の数だけ船鐘を打ち鳴らす
I-Wii-0018v2	流れの中で弧を描いて跳ねるものの軌道を読み、落ちてくる地点にすくいを差し出す	todo	trajectory	山の渓流の簗場で、鮎漁師が跳ねる鮎の落ちる先を読んで受けざるを差し出す
I-Wii-0018v3	指に付いてくる器を流れの中で動かし、流れてくる光る粒だけを受け止める	todo	drag_follow	雨上がりの田舎道の側溝で、少年が指に付いてくるざるで流れてくるビー玉だけを受け止める
I-Wii-0019v2	2つの角度を見比べ、示された星の角度により近い方を瞬時に選ぶ	todo	size_judge	大学の屋上観測会で、天文サークルの学生が2本の望遠鏡のどちらが目標の星の角度に近いかを選ぶ
I-Wii-0019v3	ゆっくり回り続ける目盛りが示された角度に来た瞬間に1回だけタップして止める	todo	timing_one_shot	古い映画館の映写室で、映写技師が回る絞りリングを示された目盛りの瞬間に止める
I-Wii-0020v2	1回押さえると揺れが戻るまで押さえられない。焦らず、光る窓に入ったときだけ1回押して止めていく	todo	cooldown_tap	保育園の園庭で、保育士が大きく揺れるブランコを揺れが戻るたびに一度ずつ押さえて止める
I-Wii-0021v2	一定の弧を同じ速さでなぞり続け、揃った速さで往復するほど光が増える	todo	trace	夜の牧場で、羊飼いがランタンで一定の弧を描き続けて羊の群れを呼び寄せる
I-Wii-0021v3	揺らした灯りに寄ってきたものを見逃さずに数え、その数を答える	todo	counting	夏の夜の網戸の前で、虫好きの少女が灯りに寄ってきたカブトムシの数を数える
I-Wii-0022v2	左右の足場を蹴って上へ上へと登り、崩れていく足元に追いつかれないように進む	todo	camera_climb	童話のような豆の木で、農家の少年が伸びるつるの葉を蹴って雲の上まで登る
I-Wii-0022v3	崩れ落ちてくるものの真下をぎりぎりでかすめて登るほど高得点になる	todo	near_miss	秋の沢登りで、沢登りの達人が落ちてくる小石をぎりぎりでかわしながら滝の上を目指す
I-Wii-0023v2	大きくあおいで風を送り、浮かぶものを押して的の輪の中へ押し入れる	todo	push_out	夏の公園の池で、模型ヨット愛好家が団扇であおいで小さなヨットを輪の中へ押し入れる
I-Wii-0024v2	拍に合わせて小さな往復をタップで刻み続け、拍どおりに刻むほど艶が増す	todo	rhythm	駅前の路上で、靴磨き職人が拍に合わせて布を小刻みに往復させて艶を出す
I-Wii-0025v2	左右それぞれ独立した合図に合わせて、左手と右手で別々に打つ	todo	coop_2zone	町のドラム教室で、ドラム講師が左手で小太鼓、右手でシンバルを別々の合図で叩く
I-3DS-0001v2	灯った合図が本物か紛らわしい偽物かを瞬時に見分け、本物のときだけ押す	todo	judge	鉄道の信号所で、見習い駅員が点いた灯が発車の青かそれ以外かを見分けて旗を上げる
I-3DS-0002v2	左右を交互にタップして櫂を漕ぎ、時間内にできるだけ遠くまで進む	todo	alternate_tap	南の島の湖で、カヌー漕ぎの少女が左右交互にパドルを入れて対岸の桟橋を目指す
I-3DS-0003v2	打ち上げた弧の頂点が合図の高さに届くよう、放つ瞬間を読んで打ち上げる	todo	trajectory	秋の運動会の校庭で、玉入れ係の子が高いかごに届く弧を読んで紅白玉を放り上げる
I-3DS-0003v3	合図で示された数だけちょうど鳴らして止める。多くても少なくても失敗	todo	count_exact	霧の漁港の見張り小屋で、見張り番が霧笛を合図の回数ぴったり鳴らす
I-3DS-0004v2	流れてくるものが真下に来た瞬間に判を落として、枠の中にぴったり押す	todo	drop_timing	年の瀬の版画工房で、版画職人が流れてくる年賀はがきに判をぴったり押していく
I-3DS-0005v2	左右をタップして傾きを戻し、転がる球を細い道から落とさずに奥の受け皿まで運ぶ	todo	balance	雨の日の子ども部屋で、少年が自作の木の迷路板を左右に揺らして球を奥の皿まで運ぶ
I-3DS-0005v3	押し続けて左右に動き、転がってくる球の通り道からよけ続ける	todo	dodge	坂の多い港町の石段で、買い物帰りの少女が坂を転がってくる西瓜をよけて上っていく
I-3DS-0006v2	示された矢印の向きを見て、その方向へ素早く払って切り替える	todo	swipe_direction	水車小屋の水路で、水車番が示された向きへ水門の取っ手を払って流れを切り替える
I-3DS-0007v2	左右をタップして重心を戻し、細い線の上から落ちないまま向こう端まで渡る	todo	balance	建設中のビルの鉄骨の上で、とび職の見習いが細い梁を重心を戻しながら渡る
I-3DS-0008v2	逃げるように動き回る汚れの塊を連続タップで追いかけ、こそげ落として中が見えるようにする	todo	chase	海辺のヨットハーバーで、船底掃除の作業員が動き回る汚れの塊を追いかけてこそげ落とす
I-3DS-0009v2	赤く光っている間だけ連打で打ち込み、冷める前に形を仕上げる	todo	mash	年末の餅つき大会で、つき手が蒸したての餅が熱いうちに連打でつき上げる
I-3DS-0010v2	指で弾く速さを加減して、飛ばしたものを狙いの高さの枝に届かせる	todo	flick_launch	七夕の笹飾りの下で、子どもが短冊を弾き上げて高い枝に引っ掛ける
I-3DS-0011v2	応援の拍に合わせてタップし、拍どおりに叩くほどゲージが押し上がる	todo	rhythm	夏の地方大会の球場で、吹奏楽部の打楽器係が応援の拍に合わせて大太鼓を叩く
I-3DS-0012v2	次々と噴き出す口を狙ってタップで蓋を当て、閉めていく	todo	aim_shoot	遊園地の噴水広場で、噴水係の少年が噴き上がる噴水口を狙って蓋を当てて閉じる
I-3DS-0013v2	広がるひびの両端を指でなぞって結び、つなぐたびにひびを閉じて鎮める	todo	connect	冬の屋外スケート場で、整氷係が氷のひびの両端を結んで水を流し込み塞いでいく
I-3DS-0014v2	脈絡なく次々出される短いお題をこなし続け、続けて成功するほど倍率が上がる。1回でも失敗すると倍率が消える	todo	jackpot_combo	雑技団の稽古場で、見習い団員が座長の次々出すお題を続けてこなしていく
I-Switch-0001v2	足場から足場へ跳び移り続けて、決められた高さまで時間内に登り切る	todo	camera_climb	雨の森の巨木で、木登り名人の子猿が枝から枝へ跳び移って梢まで登る
I-Switch-0001v3	切れ目の縁ぎりぎりで踏み切るほど高得点で、落ちずに決められた距離を走り切る	todo	near_miss	雪国の町の屋根の上で、雪下ろしの若者が軒先ぎりぎりで踏み切って次の屋根へ跳ぶ
I-Switch-0002v2	走り続けながら、次々現れる障害物の手前でタップして跳び越える	todo	camera_run	秋の牧場の馬場で、見習い騎手が馬を走らせて障害の柵を次々と跳び越えていく
I-Switch-0003v2	揺れ動く的に向かって弧を描く軌道を読み、的が来る地点へ届く瞬間に投げる	todo	trajectory	公園の芝生広場で、ドッグトレーナーが走る犬の先へ円盤を投げて受け取らせる
I-Switch-0003v3	引く向きと強さを決めて放ち、揺れる的の中心に届かせる	todo	slingshot	夏の林間学校で、キャンプ係が手作りのゴム玩具で吊るした紙風船の的を狙う
I-Switch-0004v2	腕を伸ばして上の足場に引っ掛け、体を引き寄せては次の足場へ登っていく	todo	camera_climb	巨大な本棚の迷宮で、小人の図書係が上の段へ鉤を掛けて体を引き寄せながら登る
I-Switch-0005v2	押している間だけ浮かび上がり、張り出す障害をかわしながら上へ上へと昇る	todo	camera_climb	朝焼けの熱気球大会で、気球乗りが火力を加減して張り出す枝をかわしながら昇っていく
I-Switch-0005v3	垂れ下がる障害の間の隙間に合わせて体の大きさを変え、ぶつからずに通り抜ける	todo	gap_fit	海藻の森で、フグが体をふくらませたりしぼませたりして岩の隙間を抜けていく
I-Switch-0006v2	引く向きと強さを決めて放ち、谷の向こうの着地点にぴったり届かせる	todo	slingshot	秋の運動公園で、子どもがゴムで飛ばす模型グライダーを小川の向こうの芝生の輪に届かせる
I-Switch-0006v3	溜めて飛び出したあとの放物線を読み、対岸の着地点に届く瞬間を見極めて踏み切る	todo	trajectory	冬のジャンプ台で、ジャンプ少年団の選手が着地斜面に届く弧を読んで踏み切る
I-Switch-0007v2	迫ってくる回転する羽根の隙間の位置に高さを合わせ、ぶつからずにくぐり抜ける	todo	gap_fit	風車の並ぶ岬で、渡り鳥の若鳥が回る羽根の隙間に高さを合わせてくぐり抜ける
I-Switch-0007v3	迫ってくる障害物の縁ぎりぎりをかすめて抜けるほど高得点で、ぶつかったら失敗	todo	near_miss	初夏の林道で、若いツバメが電線や枝の縁ぎりぎりをかすめて飛び抜ける
I-Switch-0008v2	走り続けながら、流れてくる障害物をタップで跳び越えてかわす	todo	camera_run	都会の歩道で、スケートボードの少年が道の段差や植え込みを跳び越えて駆け抜ける
I-Switch-0008v3	左右にしか動けない中で、流れてくる岩の脇ぎりぎりをすり抜けるほど高得点になる	todo	near_miss	雪解けの急流で、ラフティングの船頭が岩の脇ぎりぎりをすり抜けて下る
I-Switch-0009v2	左右からせり出すものを見て、空いている方向へ払って進む向きを切り替える	todo	swipe_direction	木造校舎の長い廊下で、廊下を走る当番の子が左右から開く教室の扉を見て進む向きを払って切り替える
I-Switch-0010v2	左右の手を交互にタップして、落ちてくるものを交互に受けては投げ上げ続ける	todo	alternate_tap	小学校の休み時間の校庭で、お手玉名人の少女が左右交互にお手玉を受けては投げ上げる
I-Switch-0010v3	左右の手元に落ちてくるものを、それぞれの山の上に崩さず積み上げ続ける	todo	stack	点心店の厨房で、点心職人が左右に落ちてくる蒸籠を二つの塔に崩さず積み上げる
I-Switch-0011v2	荷を載せたものを押す向きと勢いを加減し、揺れる道から外れさせずに向こうまで押し出す	todo	push_out	朝の青果市場で、仲買人が野菜を積んだ荷車を押して坂の上の店先まで押し上げる
I-Switch-0011v3	担いだ荷が傾く側を左右のタップで戻し、揺れる道から落とさずに渡り切る	todo	balance	茶畑の急斜面で、茶摘み娘が背負いかごの傾きを戻しながら細い畦を渡る
I-Switch-0012v2	足場になるものを次々と積み重ね、その上に乗って高い場所まで届かせる	todo	stack	倉庫の高い棚の前で、在庫係が木箱を積み上げて最上段の棚まで手を届かせる
I-Switch-0013v2	届いた要請の絵を見て、それぞれ正しい列へドラッグで振り分ける	todo	drag_sort	町の動物病院の受付で、看護師が運ばれてくる犬と猫と小鳥をそれぞれの診察室へ振り分ける
I-Switch2-0001v2	伏せた構えの札を2枚ずつめくり、同じ構えの対を見つけて揃える	todo	pair_match	早朝の公園の体操広場で、太極拳の講師が伏せた型の絵札をめくって同じ型の対を揃える
I-Switch2-0002v2	向かい合った瞬間に連打で押し込み、相手を円の外へ押し出す	todo	push_out	夏の海の家の砂浜で、少年が砂に描いた円から大きな浮き輪人形を連打で押し出す
I-Switch2-0003v2	決められた歩数ちょうどで歩みを止める。多くても少なくても失敗	todo	count_exact	茶室へ続く露地で、茶会の案内役が飛び石を決められた数だけ踏んで止まる
I-Switch2-0003v3	振り向いた瞬間に現れる動く的を狙い、タップで当てる	todo	aim_shoot	冬の雑木林で、雪合戦の少年が振り向きざまに木陰から出る雪だるまの的へ雪玉を当てる
I-Switch2-0004v2	揺れるバーが真下に来た瞬間に手を離して落ち、ぴったりバーの上に降りる	todo	drop_timing	高原の林間アスレチックで、少女がロープから手を離して揺れる板橋の上に降り立つ
I-Switch2-0004v3	揺れて近づくものを、離れ始める寸前のぎりぎりまで待ってつかむほど高得点になる	todo	near_miss	熱帯の森で、テナガザルの子が揺れるつるを離れる寸前ぎりぎりでつかみ移っていく
I-Switch2-0005v2	対岸の灯りが瞬いた順番を覚え、同じ順に手元の灯りを押し返す	todo	memory_sequence	南極の観測基地で、通信係が遠くの小屋のライトが点滅した順を覚えて同じ順で返信する
I-Switch2-0006v2	太鼓を示された数だけちょうど打って止める。多くても少なくても失敗	todo	count_exact	相撲場の櫓の上で、呼び出しが決められた数だけ櫓太鼓を打ち鳴らす
I-Switch2-0007v2	流れる拍に合わせて鐘綱を引き、拍どおりに引くほど音が澄む	todo	rhythm	石畳の町の時計塔で、鐘撞きの少年が拍に合わせて鐘綱を引く
I-Switch2-0007v3	相手と交互に1打ずつ鳴らし、自分の番では相手の拍子を受けて途切れさせずに返す	todo	turn_attack	秋祭りの掛け合い太鼓で、若い打ち手が長老と交互に一打ずつ返し合う
I-Switch2-0008v2	振れる振り子を、端に届く寸前のぎりぎりで止めるほど高得点になる	todo	near_miss	古い柱時計のある下宿屋で、下宿の管理人が振り子を端に届く寸前で止める
I-Switch2-0008v3	左右に振れ続ける振り子が真下の印に来た瞬間に1回だけタップして止める	todo	timing_one_shot	科学館の実験室で、解説員が大振り子を真下の印でぴたりと止める
I-Switch2-0009v2	相手が出した手を見て、自分の番で同じ手をそのまま返し続ける	todo	turn_attack	夏のキャンプファイヤーの輪で、参加の子がリーダーと交互に振り付けを見せ合い同じ振りを返す
I-Switch2-0010v2	並んだ鏡像の中から、1つだけ違う動きをしているものを見つけて押す	todo	spot	百貨店の鏡売り場で、店員が並んだ鏡の中で1枚だけずれて映るものを見つける
I-Switch2-0010v3	相手が迫ってくる向きを見て、それと違う向きの札を瞬時に選んで出し抜く	todo	judge	放課後の体育館で、ダンス部員がコーチの振りの向きを見て、あえて逆の向きを瞬時に選ぶ
I-Switch2-0011v2	指で弾く速さで強さを加減し、転がした玉を穴をよけて目的の穴まで届かせる	todo	flick_launch	海沿いのパターゴルフ場で、休日の会社員が玉を弾いて池をよけカップへ転がす
I-Switch2-0011v3	仕切りの隙間に合う向きに玉の通り道を合わせ、穴だらけの盤を抜けて目的の巣穴まで通す	todo	gap_fit	公民館の手作りおもちゃ教室で、講師が木の盤の仕切り板の隙間に玉を合わせて奥の巣穴へ通す
I-Switch2-0012v2	流れてくる火花が次の導火線の真上に来た瞬間に落として乗り移らせ、終点の玉まで届ける	todo	drop_timing	からくり人形の工房で、からくり師が流れる玉を分かれ樋の真上に来た瞬間に落として終点まで届ける
I-Switch2-0013v2	1回押すと点滅が戻るまで押せない。焦らず、点滅が一番強くなった瞬間だけ1回押して信号を送る	todo	cooldown_tap	雪山の山岳無線小屋で、無線係が回線の点滅が一番強くなった瞬間だけ送信ボタンを押す
I-Switch2-0013v3	漂いながら点滅するものの点滅回数を数え、その数を押して答える	todo	counting	夏の夜の漁港で、漁協の見張りが沖の漁火が点滅した回数を数えて答える
I-Switch2-0014v2	跳ね回って逃げるものを連続タップで追いかけ、追いついて網ですくう	todo	chase	湾内の養殖いけすで、養殖場の若手が跳ね回るブリを追いかけて網ですくう
I-Switch2-0014v3	左右で同時に跳ねるものを見逃さずに数え、合計を答える	todo	counting	秋の川の観察橋で、自然観察員が遡上する鮭が跳ねた数を左右の岸で数える
