#id	play	status	mechanic	world (J棚バリエーション: 元idにv2を付けた同一元ネタの別メカニクス版)
J-N641-0003v2	じわじわ下がってくる横棒の下を、触れるか触れないかのすれすれの高さでくぐり抜けるほど高得点になり、触れたら失敗	todo	near_miss	放課後の体育館で、新体操部の一年生が先輩たちの張るゴム紐の下を、一段ずつ低くされるたびにすれすれの高さで反り抜ける
J-N644-0009v2	坂を滑り降りながら、迫ってくる障害物の脇すれすれをかすめてかわすほど高得点になり、ぶつかったら失敗	todo	near_miss	噴煙のおさまった火山の灰の斜面で、観測所の新人研究員が板に乗って滑り降り、突き出た岩の脇すれすれをかすめて麓の観測小屋へ戻る
J-N644-0002v2	残りの空気が減っていく中で落ちている宝を拾い集め続け、尽きる寸前のぎりぎりで戻るほど高得点になり、間に合わなければ失敗	todo	near_miss	小惑星の表面で、観測基地の技術者が宇宙服の空気の残りを見ながら光る石のかけらを拾い集め、尽きる寸前にエアロックへ駆け戻る
J-N644-0003v2	膨らみ続ける風船を手元で抱え続け、割れる寸前のぎりぎりで隣へ回すほど高得点になり、手元で割れたら失敗	todo	near_miss	大学の新歓合宿の大部屋で、サークルの新入生が先輩たちと輪になり、膨らみ続ける風船を割れる寸前まで抱えてから隣へ回す
J-N6424-0016v2	見張りが背を向けている間に前へ進み、振り向く寸前のぎりぎりまで動いてから止まるほど高得点になり、動いているところを見られたら失敗	todo	near_miss	冬の朝の中学校の教室で、遅刻した生徒が黒板に向かって書く先生の背中が振り向く寸前まで、忍び足で自分の席へ近づく
J-3DSDSDSTOP10-0005v2	幕の向こうに一瞬ずつ映っては消える影の中から、決められた形の影が何回出たかを数え、最後にその数を答える	todo	counting	古い名画座の映写室で、映写技師の助手が試写のスクリーンに一瞬ずつ映る影の中から鳥の影が出た回数を数えて帳面に記す
J-N6434-0008v2	散っては集まりながら泳ぎ回る群れの中に、色の違うものが何匹混じっているかを数えて答える	todo	counting	水族館の大水槽の前で、新人の飼育員が渦を巻いて回遊する小魚の群れに混じった色の違う魚の数を数えて記録する
J-N641vs3-0004v2	上から雨のように降りそそぐものを浴びながら、その中に形の違うものがいくつ混じっていたかを数えて答える	todo	counting	春の桜並木の遊歩道で、写真部の部員がカメラを構えたまま、舞い落ちる花びらに混じって花ごと落ちてくる桜の数を数える
J-N6434-0058v2	走り続ける乗り物の窓の外を流れ過ぎていくものの中から、目印のあるものの数を数え、終点で答える	todo	counting	高原の牧場地帯を走る観光バスで、新人のバスガイドが車窓を流れ過ぎる牛の中から茶色い牛の数を数え、到着前に乗客のクイズに答える
J-N6434-0056v2	床のマスが一つずつ光っていく順番を覚え、光が消えたあとに同じ順番で踏んでいき、間違えたら失敗	todo	memory_sequence	科学館の展示ホールで、新人の解説員が光る床の展示が灯った順番を覚え、見学に来た子どもたちの前で同じ順に踏んでみせる
J-N6424-0018v2	一瞬だけ明るくなる間に示された曲がり角の向きの順番を覚え、暗くなってから同じ順に進む向きを選んでゴールを目指す	todo	memory_sequence	秋の夜のトウモロコシ畑の迷路で、肝試しに参加した子どもが打ち上げ花火の光で一瞬見えた曲がり角の順番を覚え、暗闇の中を出口まで進む
J-N6434-0023v2	並んだ品物が一つずつ指し示されていく順番を覚え、覆いをかけられたあとに同じ順番で選び直す	todo	memory_sequence	朝の混み合う喫茶店のカウンターで、新人のバリスタが常連客たちの指さしたカップの順番を覚え、伝票なしで同じ順に淹れて出す
J-N641-0008v2	落ちてくる台を一つずつ受けて崩れないように積み上げ、その上に乗って高いところへ手を届かせる	todo	stack	老舗ホテルの宴会場で、新人の宴会係が客用の丸椅子を崩れないように積み上げ、その上に乗って天井の飾り照明の電球を替える
J-N6434-0005v2	転がってくる雪玉を受け止め、大きいものから順に崩さず積み上げて一体の像に仕上げる	todo	stack	大雪の翌朝の団地の公園で、管理人のおじいさんが子どもたちの転がしてくる雪玉を大きい順に崩さず積み、雪だるまを仕上げる
J-GC4-0021v2	せり上がってくる水位に追いつかれないよう、流れてくる箱を崩さず高く積み上げ、その上に立ち続ける	todo	stack	梅雨の大雨で床上まで水が上がってきた古本屋で、店主が本の詰まった箱を崩さず積み上げ、その上に立って大事な一冊を濡らさず守る
J-N6434-0043v2	上から吊り下ろされてくる部品を、土台の真上でちょうどよく落として崩さず積み上げ、一つの形に組み上げる	todo	stack	石材店の展示場で、石工の跡取りが吊り下ろされる台座・竿・火袋・笠を真上で落として崩さず重ね、石灯籠を一基ずつ組み上げる
J-Switch-0018v2	ずらりと伏せて並んだ品を2つずつめくって確かめ、同じ柄の2つを見つけて組にしていく	todo	pair_match	靴下工場の仕上げ場で、仕上げ係が伏せて並べた片方ずつの靴下をめくり、同じ柄の左右を見つけて組にしていく
J-GC4-0045v2	伏せた札を2枚ずつめくり、元気のない植木の絵と、その植木に合う手入れ道具の絵が対になる組を覚えて揃える	todo	pair_match	春の植木市のテント裏で、新人の植木屋が伏せた札をめくり、しおれた鉢や虫食いの葉と、じょうろ・霧吹き・虫取りピンセットの絵の対を揃えて手入れの段取りを覚える
J-N6434-0062v2	見た目では区別のつかない包みを2つずつ開いて中身を確かめ、覚えておいた中身から同じものの対を揃える	todo	pair_match	朝のおにぎり屋の店先で、店番の青年が同じ海苔に包まれたおにぎりを2つずつ端からのぞいて具を確かめ、同じ具の対を弁当箱へ詰めていく
J-Switch-0025v2	伏せた絵札を2枚ずつめくり、同じ表情やポーズが描かれた対を見つけて揃える	todo	pair_match	能楽堂の面蔵で、面の手入れ係が伏せて並べた面箱を2つずつ開け、同じ表情の面の対を見つけて次の舞台用にそろえる
J-GC4-0007v2	相手と交互に、敷石の目地に1本ずつ線を引き、四方を線で囲んだ敷石を自分の色にする。自分の番では、相手に囲ませてしまう3本目の線を引かないよう見極めて選ぶ	todo	turn_attack	夏祭りの夜の神社の境内で、灯籠番の見習いが神主と交互に、表裏で色の違う敷石の覆いを返しながら、境内の石畳を自分の色に染め分けていく
J-N6434-0006v2	相手と交互に1球ずつ転がし、自分の番では目標の球に寄せるか相手の球をはじき出す一投を選んで、最後に一番近い球を残す	todo	turn_attack	介護施設の日だまりの中庭で、新人の介護職員が入居者のおじいさんと交互に木の球を転がし、白い目標球への寄せ合いをする
J-GC4-0012v2	相手と交互に1球ずつ水風船を投げ合い、自分の番では向こう岸で揺れる相手の的板の隙を狙って当て、相手の番では飛んでくる水風船から自分の的板を板の盾で守る	todo	turn_attack	初夏の渓流沿いのキャンプ場で、子ども会の引率リーダーが子どもたちと交互に水風船を投げ、川の両岸に立てたブリキの的板を倒し合う
J-N6424-0023v2	相手と交互に1回ずつ杭を打ち込み、自分の番では相手の足場がより沈む杭を選んで打ち、先に相手の足場を沈める	todo	turn_attack	夏の海の家の裏の砂浜で、アルバイトの大学生が店長と交互に杭を1回ずつ打ち込み、相手の立つ板を先に砂へ沈め合う力比べをする
J-Switch-0027v2	ばらばらに散らばったピースを正しい位置へ引きずって並べ替え、元の一枚の絵に戻す	todo	drag_sort	小学校の図工室で、図工の先生が床に散らばった共同制作の大きな貼り絵の切れ端を、元の位置へ並べ戻して一枚の絵に戻す
J-N6434-0012v2	次々に配られる数字の札を、小さい順に左から並ぶよう引きずって並べ替えていく	todo	drag_sort	高校野球の地方大会の球場で、野球部のマネージャーが届いた背番号の札を小さい順に並べ替え、試合前のメンバー表を仕上げる
J-N6434-0001v2	注文札に描かれた順番どおりに、具材を一つずつ引きずって生地の上へ並べていく	todo	drag_sort	南極観測基地の調理室で、越冬隊の調理担当が隊員たちの注文札どおりの順番で具材をピザ生地の上へ並べる
J-Switch-0030v2	目の前に送られてくる生地を、お手本と同じ幅になる位置で素早い一振りずつ切りそろえていく	todo	slice	大晦日の蕎麦屋の厨房で、蕎麦打ちの見習いが畳んだ生地を親方のお手本と同じ幅に一振りずつ切りそろえる
J-N644-0023v2	四方から真ん中へ迫ってくるものを、指の素早い一線でまとめて切り払い、真ん中まで届かせない	todo	slice	誕生日パーティーの庭で、ケーキ番の兄が四方から漂ってくるシャボン玉を指の一振りでまとめて割り、テーブルのケーキに触れさせない
J-N644-0010v2	山から次々と滑り落ちてくる箱のうち、重そうに跳ねる箱だけを素早い一線で切り開いて中身を取り出す	todo	slice	夜明けの青果市場の荷さばき場で、仲卸の若い店員が荷台から滑り落ちてくる段ボール箱のうち果物の詰まった重い箱だけを切り開いて店先へ並べる
J-GC4-0004v2	一瞬示されたお手本の図形を覚え、制限時間内にその線を指で一筆になぞって描き写す	todo	trace	早朝のスケートリンクで、フィギュアスケートの選手がコーチの示したお手本の図形を、氷の上に一筆で滑ってなぞり描く
J-N644-0006v2	お手本の顔の輪郭と目鼻の線を指で一本ずつなぞり、お手本と同じ形の顔に描き整えていく	todo	trace	ハロウィン前夜の仮装用品店で、フェイスペイント係の店員が、お手本の顔の模様の線を指でなぞって客の顔に描き写していく
J-Switch-0039v2	ぜんまい仕掛けの人形の向きと押す強さを操り、台の上で押し合って相手の人形を端から押し出す	todo	push_out	冬休みの児童館の遊戯室で、児童館の先生が子どもたちとぜんまい人形の押し出し相撲を取り、机の土俵の端から相手の人形を押し出す
J-GC4-0017v2	揺れる浮き台の上で相手と押し合い、揺すって起こした波と体当たりで相手を台の外の水へ押し出す	todo	push_out	湖の水上アスレチックで、夏休みの小学生が丸い浮き台に次々よじ登ってくる相手を体当たりで湖へ押し出す
