#id	play	status	mechanic	world	beat (K棚バリエーション: 元idにv2/v3を付けた同一元ネタの別メカニクス版。beat=拍の型)
K-GBA-0001v2	迫ってくる的球の拍に合わせて腕のゴムを引き絞り、球が届く拍の頭でちょうど放して打ち返す	todo	slingshot	雲の上の気象観測所で、ゴム仕掛けの腕を持つ整備ロボットが漂ってくる綿雲の塊を空へ押し返す	straight
K-GBA-0001v3	迫ってくる大玉に拍ごとに突きを重ね、拍に乗った突きだけで円の外まで押し返す	todo	push_out	雪原の雪合戦広場で、厚手の手袋をはめた子どもが転がってくる大雪玉を陣地の外へ突き返す	tempo_ramp
K-GBA-0002v2	電子音の拍が鳴った瞬間に、生えてきた一本を二本指で同時につまんで抜く	todo	pinch_zone	月面の温室ドームで、園芸ロボットが人工土から伸びる細い芽を二本のアームで間引く	offbeat
K-GBA-0002v3	拍ごとに何本も生えてくる中から色の違う一本だけを見つけ、拍の頭でつまみ抜く	todo	spot	羊の毛刈り小屋で、見習いの毛刈り職人が刈り残しの長い毛を探して一本ずつ摘む	syncopation
K-GBA-0003v2	太鼓の拍ごとに一歩ずつ前へ進み、拍の頭で水たまりを跳び越えて隊列から遅れない	todo	camera_run	雨上がりの並木道を進む鼓笛隊の最後尾で、小太鼓を抱えた新入りが列について行く	straight
K-GBA-0003v3	左右交互の足踏みを拍どおりに続け、揺れる細い台の上で重心を真ん中に保つ	todo	balance	体操教室の平均台の上で、行進の稽古をするアヒルの子が落ちずに端まで渡る	waltz
K-GBA-0004v2	拍ごとに二つずつ飛んでくる物の大きい方を見極め、次の拍の頭でそちらを打ち返す	todo	size_judge	港の荷揚げ場で、クレーン番の見習いが投げ上げられる荷袋の大きい方を船へ打ち返す	tempo_ramp
K-GBA-0004v3	拍ごとに飛来物の硬さを見極め、硬い物は上へ、柔らかい物は下へ拍の頭で払い返す	todo	swipe_direction	風の強い洗濯屋の干し場で、店番の少年が飛んでくる洗濯物と木の実を払い分ける	syncopation
K-GBA-0005v2	拍に乗って弧を描く球の落下点を読み、打点に来る拍の頭でバットを合わせて打ち返す	todo	trajectory	夕暮れの河川敷の草野球で、補欠の打者が拍子木に合わせて投げられる緩い球を打つ	swing
K-GBA-0005v3	拍を数えながらバットを溜め、球が来る拍でちょうど離して振り抜く。音が抜けた小節でも拍を保つ	todo	hold_charge	灯りを落とした夜の体育館で、居残り練習の打者が天井の投球機から来る球を迎え打つ	break
K-GBA-0006v2	太鼓の合図が鳴る小節のあいだ拍に合わせて連打し、拍に乗った打ち数だけ的に割れ目が走る	todo	mash	石畳の広場の瓦割り大会で、鉢巻を締めた挑戦者が積んだ瓦を割り抜く	tempo_ramp
K-GBA-0006v3	相方と一拍ずつ交互に槌を振り下ろし、自分の拍でだけ叩いて割れ目を広げる	todo	turn_attack	氷河の上の氷切り場で、二人組の氷切り職人が交互に楔を打って大きな氷塊を切り出す	call_response
K-GBA-0007v2	拍ごとに来る上段と下段の攻撃を、拍の頭に合わせて上か下へ動いてかわす	todo	dodge	風車小屋の回る羽根の下で、粉屋の見習いが降りてくる羽根と跳ねる麻袋をよけ続ける	syncopation
K-GBA-0007v3	拍ごとに一歩進み、低い障害は拍の頭で跳び、高い障害は伏せてくぐって走り抜ける	todo	camera_run	牧場の柵沿いの小道で、牧羊犬が倒れた丸太と垂れた枝を越えて羊の群れを追う	straight
K-GBA-0008v2	相方が拍ごとに示した向きを見て、自分は一拍遅れて同じ向きへ払う	todo	swipe_direction	宇宙船の無重力ラウンジで、新人乗組員が先輩の手信号を同じ向きに返す訓練	call_response
K-GBA-0008v3	相方が拍ごとに動かす光点を、指先の人形に一拍遅れで追いかけさせる	todo	drag_follow	影絵芝居の幕の裏で、人形遣いの弟子が師匠の影の動きを追って自分の影を映す	offbeat
K-GBA-0009v2	音頭の拍ごとに光る足型の道を、はみ出さずに指で一歩ずつ辿る	todo	guide_path	田植え前の水田のあぜ道で、苗運びの子が細い畦を踏み外さずに進む	swing
K-GBA-0009v3	お手本が一小節で見せた足型の順を覚え、次の小節で同じ拍順に踏み返す	todo	memory_sequence	屋外のスケートリンクで、ペア演技の新人が先輩の刻んだ足跡の順を同じ拍で滑り返す	call_response
K-GBA-0010v2	回る縄が足元を通る拍ごとに跳び、示された回数ぴったり跳んだら次の拍で縄から抜ける	todo	count_exact	休み時間の校庭の長縄で、順番待ちの子が決められた回数だけ跳んで抜ける	straight
K-GBA-0010v3	回る輪が足元を通る拍の一点だけを狙って跳ぶ。輪の回転はだんだん速くなる	todo	timing_one_shot	嵐明けの帆船の甲板で、見習い水夫が回る係留索の輪を跳び越える	tempo_ramp
K-GBA-0011v2	太鼓の拍に合わせて伸びる手本の線を、拍と同じ速さで筆先でなぞり切る	todo	trace	古い看板屋の作業場で、見習いの看板書きが手本の文字線を一息でなぞる	waltz
K-GBA-0011v3	合図の拍で筆を下ろし、示された拍数ぴったりまで押し続けてから離して線を止める	todo	hold_duration	雪の積もった寺の中庭で、庭掃除の小僧が竹ぼうきで雪面に長い線を引く	break
K-GBA-0012v2	精霊が鳴らした拍の型と同じ型で鳴る石を二つ選び、拍の頭でそろえて鳴らし返す	todo	pair_match	鍾乳洞の奥で、探検隊の少女が滴の拍と同じ響きの石を二つ探して打ち合わせる	call_response
K-GBA-0012v3	聞いた拍の数を覚え、次の小節で同じ数ぴったりに打ち返す。途中で拍型が切り替わる	todo	count_exact	峠の茶屋の軒先で、看板娘が旅人の打った手拍子を同じ数だけ打ち返してもてなす	medley
K-GBA-0013v2	虫の羽音が拍を刻む間は触れずに待ち、拍が途切れた無音の一拍だけで網を振る	todo	freeze	真昼の菜の花畑で、昆虫学者の見習いが羽を休めるチョウを網に収める	break
K-GBA-0013v3	拍ごとに枝から枝へ跳び移る虫を追い、跳び移った先を拍の頭で押さえる	todo	chase	夕立ちの後の果樹園で、虫とり網を持つ子が枝を渡る甲虫を追いかける	syncopation
K-GBA-0014v2	落ちてくるリングを拍の頭で受けた瞬間に上へ弾き、次の拍で隣の手へ届く勢いで送る	todo	flick_launch	郵便局の仕分け室で、局員が落ちてくる小包を隣の棚へ弾いて送り継ぐ	straight
K-GBA-0014v3	放り上げた物が拍に乗って描く弧を読み、戻ってくる拍の点で受けて次へ投げ継ぐ	todo	trajectory	ピザ窯の並ぶ厨房で、生地職人が宙に放った生地の落ちる先を読んで次の台へ回す	swing
K-GBA-0015v2	出題ランプが表拍を刻む間は手を動かさず、裏に食い込んだ合図の瞬間だけ手を挙げる	todo	freeze	図書館の読み聞かせ会で、最前列の子が問いかけの合図が来るまで手を膝に置いて待つ	syncopation
K-GBA-0015v3	拍ごとに灯る出題ランプの数を数え、最後の拍で数と同じ札を挙げて答える	todo	counting	夜の天文台の星当て会で、見学の子が瞬く星の数を数えて答えの札を掲げる	tempo_ramp
K-GBA-0016v2	三拍子の一拍目ごとに杖で円を一周描き、三拍で一周の速さを保って紋様を回し続ける	todo	rotate_gesture	氷の宮殿の舞踏室で、氷細工師が杖で床の氷の輪を削り回す	waltz
K-GBA-0016v3	拍の流れに合わせて浮かぶ紋様の線を、拍と同じ速さで杖先でなぞる。三拍子と四拍子が入れ替わる	todo	trace	砂漠の隊商の天幕で、見習いの星読みが砂に浮かぶ星座の線をなぞる	medley
K-GBA-0017v2	等間隔の足音に合わせて拍ごとに一歩進み、拍の頭で転がる樽を跳び越えて歩き続ける	todo	camera_run	粉雪の舞う城下の路地で、豆腐売りが天秤棒を担いで売り歩く	straight
K-GBA-0017v3	等間隔の足音が裏拍で続く中、物音の合図が鳴った瞬間に誰より早く足を止める	todo	reaction_duel	雪の森を渡る鹿の群れで、若い鹿が群れと歩調を合わせ、枝の折れる音に真っ先に立ち止まる	offbeat
K-GBA-0018v2	違う速さで鳴る複数の太鼓の中から、灯が示す拍と同じ速さで揺れる一つを見つけて叩く	todo	spot	市場の鍋修理の露店で、職人が並んだ鍋の響きから拍の合う一つを探し当てる	medley
K-GBA-0018v3	重なって鳴る拍の中で指定された一つの拍だけを数え、小節の終わりにその数を答える	todo	counting	雨の降る植物園の温室で、植物学者が一本の雨樋から落ちる滴だけを数える	syncopation
K-GBA-0019v2	灯りが拍を刻む間に玉を引き絞り、合図の拍でちょうど放して輪に通す	todo	slingshot	湖畔のキャンプ場で、ボーイスカウトの子がゴムの投てき器で木の実を枝の輪へ通す	straight
K-GBA-0019v3	左右に往復する輪の真下に来た拍の頭で、上から玉を落として輪に通す	todo	drop_timing	高層ビルの屋上庭園で、園芸係が往復する鉢の真上から種玉を落として植える	swing
K-GBA-0020v2	汽笛・鐘・灯りの合図が拍ごとに鳴るたび、合図と対応する受け口を拍の順に線で結ぶ	todo	connect	鉱山の昇降機の操作室で、合図係が鳴った合図と対応する巻き上げ機を線で結ぶ	call_response
K-GBA-0020v3	拍ごとに届く三種類の合図札を、次の拍までに対応する棚へドラッグして並べる	todo	drag_sort	空港の手荷物受け取り場で、係員が流れてくる色札つきの鞄を行き先の棚へ並べる	tempo_ramp
K-GBA-0021v2	三拍かけて高まる音色に合わせて弦を引き絞り、次の一拍目の頭でちょうど放して矢を布の的へ届ける	todo	slingshot	草原の遊牧民の天幕の前で、少年が弓形の投てき具で布の的へ矢を届ける	waltz
K-GBA-0021v3	高まっていく音色の拍に合わせて弦を押さえ続け、音が満ちる拍ちょうどで離す。音が抜ける小節も拍を数えて待つ	todo	hold_duration	楽器職人の工房で、弦張り職人が張った弦を押さえ続けて音の高さを合わせる	break
K-GBA-0022v2	拍に乗って飛んでくる的板を、届く拍ぎりぎりまで引きつけてから払い落とす。早すぎても遅すぎても「あと少し」の差が示される	todo	near_miss	紙吹雪の舞う劇場の奈落で、裏方が落ちてくる書き割りの板を寸前まで引きつけて払いのける	syncopation
K-GBA-0022v3	四方から拍ごとに飛んでくる的板を、来た向きと逆へ拍の頭で払い返す	todo	swipe_direction	落ち葉の舞う神社の境内で、掃除番が四方から吹き込む落ち葉の束を払い返す	offbeat
K-GBA-0023v2	左右の手を拍ごとに交互に伸ばして綱を登り、拍を外さずに手繰り続けて梢まで上がる	todo	alternate_tap	大木の幹に掛けた綱を、樹上の巣箱を点検する庭師が手繰って登る	straight
K-GBA-0023v3	拍ごとに一段ずつ登る中、落ちてくる氷片を拍の頭で左右へ体をずらしてよける	todo	dodge	凍った滝の氷壁で、氷壁登攀者が上から剥がれ落ちる氷片をよけながら登る	swing
K-GBA-0024v2	師が拍ごとに描いた型の光跡を、同じ拍の速さで指でなぞって再現する。途中で拍型が切り替わる	todo	trace	夜の水族館の大水槽の前で、新人飼育員が合図の手振りの軌跡をなぞって覚える	medley
K-GBA-0024v3	光った点の順を覚え、次の小節で拍ごとに一つずつ同じ順に線で結んでいく	todo	connect	刺し子の工房で、弟子が師の針が刺した点を同じ順に糸で結んで模様を仕上げる	call_response
K-GBA-0025v2	沖が打った長い連打の拍の並びを覚え、打ち終わった直後に同じ並びを同じ間隔で打ち返す	todo	memory_sequence	海辺の漁村の防波堤で、若い漁師が沖の船の鐘の並びを浜の鐘で打ち返す	call_response
K-GBA-0025v3	手本が打った連打の数を数え、次の小節で同じ数ぴったりを三拍子に乗せて打ち返す	todo	count_exact	山の分校の音楽室で、学級委員が先生の叩いた木琴の数を同じ数だけ打ち返す	waltz
K-GBA-0026v2	拍ごとに型が増えていく攻撃を拍の頭で見切り、低い波は跳んで、高い波はくぐってかわす	todo	dodge	波の打ち寄せる岩場で、小さなカニが高波と引き波をかわしながら巣穴へ戻る	medley
K-GBA-0026v3	相手の出す型を拍ごとに見切り、正しく受けた拍ごとに一歩ずつ押し返して円の外へ出す	todo	push_out	牧場の丸い囲いの中で、牧童が押し寄せる子牛を柵の外へ押し返す	straight
K-GBA-0027v2	違う速さで鳴る鐘の中で、印の付いた鐘の拍だけを数え、小節の終わりにその数を答える	todo	counting	霧深い港の見張り小屋で、観測員が一つの浮標の鐘の音だけを数える	offbeat
K-GBA-0027v3	違う速さで鳴る鐘の中から、同じ拍で鳴っている二つを見つけて拍の頭で同時に触れる	todo	pair_match	古い時計店の壁一面の振り子時計の前で、店主が同じ拍で揺れる二つを探し当てる	swing
K-GBA-0028v2	拍がだんだん速まる中、拍の頭ごとに木槌を連打して、拍に乗った打数だけ箍を締め込む	todo	mash	冬の酒蔵で、樽職人が相棒の掛け声に合わせて木槌で箍を叩き締める	tempo_ramp
K-GBA-0028v3	相棒の振り上げを見て自分も槌を溜め、相棒が振り下ろした次の拍でちょうど離して打ち込む	todo	hold_charge	港の造船所で、船大工が相棒と交互に大槌を振って船底の木釘を打ち込む	call_response
K-GBA-0029v2	太鼓の拍ごとに進む向きへ払い続け、合図の出た拍で隊列ごと払う向きを切り替える	todo	swipe_direction	夜間の飛行場の滑走路で、誘導員が誘導灯を払って並んだ機体の進む向きを伝える	straight
K-GBA-0029v3	足踏みの裏拍が続く中、方向転換の合図が鳴った瞬間に誰より早くその向きをタップする	todo	reaction_duel	林間学校のキャンプファイヤーの輪で、係の子が合図の笛に真っ先に向きを変える	offbeat
K-GBA-0030v2	拍ごとにあちこちへ顔を出し直す芽を追い、出た拍の頭でつまみ取る。テンポはだんだん速まる	todo	chase	地下鉄駅の壁面緑化パネルで、清掃員があちこちに伸びるつる草の芽を追って摘む	tempo_ramp
K-GBA-0030v3	左右の畝に交互に新芽が出る跳ねる拍に合わせ、左右の手を交互にタップして摘み取る	todo	alternate_tap	山の斜面の茶畑で、茶摘みの娘が左右の畝から交互に新芽を摘む	swing
K-GBA-0031v2	師範が拍ごとに出す手の合図を見分け、左・中央・右のうち正しい窓口を拍の頭で叩く。拍型が途中で切り替わる	todo	judge	大きな厨房の配膳口で、給仕が給仕長の手の合図を見分けて三つの窓口へ皿を出す	medley
K-GBA-0031v3	拍ごとに切り替わる合図の向きに合わせ、拍の頭で指示どおりの向きへ一線を引いて布を裁つ	todo	slice	仕立て屋の裁断台で、裁ち職人が型紙の合図に合わせて布を一息に裁つ	syncopation
K-DS-0001v2	拍ごとに流れてくる色違いの箱を見て、手元の部品を合う色の箱へ拍の頭にドラッグして入れる	todo	drag_sort	文房具店の倉庫で、棚卸し係が色ごとの鉛筆を流れてくる箱へ振り分ける	straight
K-DS-0001v3	拍ごとに流れてくる箱の穴の形を見て、合う形の部品を選び裏拍で差し込む	todo	gap_fit	積み木工房の検品台で、職人が型抜きの穴に合う木片を差し込んでいく	offbeat
K-DS-0002v2	輪を巡る拍の順番を見て、自分に回ってきた拍でだけ唱えて灯を次へ回す	todo	turn_attack	雪の夜のかまくらの中で、子どもたちが一人ずつ手燭を回して唱えごとをする	waltz
K-DS-0002v3	灯が巡る拍のあいだは動かず、自分の前に来た拍の瞬間だけ受け取る。音が抜けた区間も拍を保って待つ	todo	freeze	真冬の山小屋の暖炉の前で、登山者たちが温かいマグを順に回していく	break
K-DS-0003v2	拍ごとに跳ねる球の落下点へラケットを指で追わせ、拍の頭で受けて打ち上げ続ける	todo	drag_follow	夏の砂浜で、日焼けした子が跳ねる球を落とさずにラケットで打ち上げ続ける	swing
K-DS-0003v3	拍の頭で球を弾くたびに倍率が上がり、拍を外すと倍率が戻る。拍に乗り続けるほど歓声が高まる	todo	jackpot_combo	夜の遊園地の広場で、道化師風のパフォーマーが光る球を弾いて客を沸かせる	tempo_ramp
K-DS-0004v2	壁に跳ね返った球が拍に乗って描く弧を読み、戻ってくる拍の点へラケットを置いて打ち返す	todo	trajectory	使われなくなった駅舎の外壁で、少年が軟らかい球を壁に当てて一人で練習する	straight
K-DS-0004v3	戻ってきた球を拍の頭で弾き、壁の光る印に届く勢いで打ち返し続ける	todo	flick_launch	高原の牧草地の石垣で、羊飼いの少女が木の球を石垣へ弾き当てて遊ぶ	syncopation
K-DS-0005v2	拍ごとに生け垣の陰から次々顔を出す中から、印を持つ一人を見つけて裏拍でタップする	todo	spot	花の迷路庭園で、案内係が生け垣の陰から顔を出す迷子の子を見つけ出す	offbeat
K-DS-0005v3	拍ごとに別の窓へ移る的を追い、移った先の窓を拍の頭で押さえる	todo	chase	古いアパートの中庭で、猫探しを頼まれた少年が窓から窓へ渡る猫を追う	syncopation
K-DS-0006v2	羽ばたきの三拍子に合わせて連凧の先頭を指で導き、拍ごとの位置に遅れずついて来させる	todo	drag_follow	夕焼けの干潟で、凧揚げ名人が連なった凧を風に乗せて導く	waltz
K-DS-0006v3	羽ばたきの拍ごとに一区画ずつ、雲の間の細い通り道をはみ出さずに群れを通す。拍型が途中で変わる	todo	guide_path	雷雲の立ちこめる高空で、手紙を運ぶ伝書鳩の先導役が雲の隙間を縫って飛ぶ	medley
K-DS-0007v2	輪の仲間と一節ずつ交互に歌をつなぎ、自分の番の拍でだけ声を入れる	todo	turn_attack	川の渡し舟の上で、船頭と乗り合い客が一節ずつ舟歌をつないでいく	call_response
K-DS-0007v3	前の歌い終わりまで息を溜め、次の裏拍でちょうど離して声を出す	todo	hold_charge	夜明けの鶏舎で、若い雄鶏が先輩の鳴き声に続いて鳴く番を待つ	offbeat
K-DS-0008v2	拍の鳴る小節のあいだ鍬を連打して土を耕し、拍に乗った打数だけ畝が伸びていく	todo	mash	赤い砂の惑星の開拓基地で、農作業ロボットが硬い赤土を耕していく	straight
K-DS-0008v3	畝を往復する鍬の後ろへ、三拍子の一拍目ごとに種を一粒ずつ落として蒔く	todo	drop_timing	風の強い丘の麦畑で、種蒔き係が前を行く牛の歩みに合わせて種を落とす	waltz
K-DS-0009v2	拍ごとに跳ぶ二匹を見比べ、高く跳んだ方を次の拍の頭でタップして撮る	todo	size_judge	草原のバッタ観察会で、昆虫写真家が高く跳んだ一匹を選んで撮る	syncopation
K-DS-0009v3	拍に合わせて跳ぶ頂点にシャッターを合わせ、外れても頂点との差を「あと少し」で見せる	todo	near_miss	雪山のジャンプ台の脇で、報道カメラマンが宙を飛ぶ選手の頂点を狙う	tempo_ramp
K-DS-0010v2	相方の合図まで示された拍数ぴったり構えを押し続け、合図の拍で離して同時に飛び込む。音が抜ける区間も拍を数えて待つ	todo	hold_duration	夏の渓流の岩場で、川遊びの兄弟が深い淵へ息を合わせて飛び込む	break
K-DS-0010v3	拍を刻む鳴き声の中、本物の合図が食い込んで鳴った瞬間に誰より早く飛び込む。紛らわしい声には動かない	todo	reaction_duel	南極の氷棚の縁で、ペンギンの群れの一羽が合図の鳴き声で真っ先に海へ飛び込む	syncopation
K-DS-0011v2	曲の跳ねる拍に合わせて弦を上下にこすり続け、拍ごとの往復がそろうほど音が大きく響く	todo	rub	秋の収穫祭の干し草小屋で、村のフィドル弾きが弦をこすって踊りを盛り上げる	swing
K-DS-0011v3	三拍子の拍ごとに上の弦と下の弦を交互に弾き、拍を崩さずに曲を弾き続ける	todo	alternate_tap	運河をゆくゴンドラの上で、舟歌の伴奏者が小さな弦楽器を弾く	waltz
K-DS-0012v2	仕掛け人形が拍ごとに出す型を見極め、高い振りは下へ、低い薙ぎは上へ、突きは横へ拍の頭で払う。拍型が途中で切り替わる	todo	swipe_direction	からくり屋敷の試練の間で、挑戦者が仕掛け人形の三種の動きを払いのける	medley
K-DS-0012v3	拍ごとに倒れかかる竹の向きを見極め、その向きに交差する線を拍の頭で一息に引いて切り分ける	todo	slice	竹林の伐採場で、若い竹細工師が倒れかかる竹を向きを見て切り分ける	syncopation
K-DS-0013v2	笛と鉦の拍に合わせ、連打の小節では拍の頭ごとに連打を詰め込んで太鼓を轟かせる。テンポはだんだん上がる	todo	mash	海に浮かぶ屋形船の舳先で、若い太鼓打ちが波の拍に合わせて太鼓を連打する	tempo_ramp
K-DS-0013v3	左手で跳ねる笛の拍に合わせて鉦を刻み、右手で拍の頭ごとに太鼓を打つ	todo	coop_2zone	地方の芝居小屋の下座で、囃子方が一人で鉦と太鼓を兼ねて舞台を支える	swing
K-DS-0014v2	相手が鳴いた拍の並びを覚え、鳴き終わった直後の小節で同じ並びを鳴き返す	todo	memory_sequence	熱帯雨林の樹の上で、若いテナガザルが群れの長の鳴き声の並びを真似て返す	call_response
K-DS-0014v3	相手の鳴き声の裏拍にぴたりと鳴き返すたび縄張りの境目を一歩押し戻し、相手を縄張りの外まで押し出す	todo	push_out	夜の池のほとりで、若いカエルが隣のカエルと鳴き合って縄張りの石から押し出す	offbeat
K-DS-0015v2	拍に合わせて掛矢を振り下ろし、杭が印まで沈む回数ぴったりで手を止める	todo	count_exact	吹雪の雪原の野営地で、極地探検隊員がテントの杭を打ち込む	straight
K-DS-0015v3	三拍子の二拍で掛矢を振り上げて溜め、一拍目の頭でちょうど離して杭を打ち込む	todo	hold_charge	秋の葡萄畑で、畑番が葡萄棚の支柱の杭を打ち込む	waltz
K-DS-0016v2	合図の拍ごとに円盤を指でぐるりと一周回し、三拍子と同じ速さで回し続けて共鳴音を鳴らす	todo	rotate_gesture	陶芸教室のろくろの前で、見習いの陶芸家が拍に合わせてろくろを回す	waltz
K-DS-0016v3	合図の拍から円盤を押さえ続け、示された拍数ぴったりで離して長い共鳴音を切る。音が抜けても拍を数える	todo	hold_duration	修道院の楽器庫で、見習い修道士が鳴らした響き板の余韻を押さえて止める	break
K-DS-0017v2	合図灯が拍を刻む間はじっと潜み、拍が途切れた無音の瞬間だけ跳び出す。早く触れると見つかる	todo	freeze	雪原の雪穴に潜む白ウサギが、見回りの足音が途切れた一瞬だけ跳び出す	break
K-DS-0017v3	拍を刻む合図灯の中、色が食い込んで変わった瞬間に誰より早く跳び出す	todo	reaction_duel	おもちゃ箱の中で、ばね仕掛けのびっくり人形が蓋の開く瞬間を狙って跳ね出す	syncopation
K-DS-0018v2	跳ねる拍に乗って弧を描く球の落下点を読み、落ちてくる拍の点へ足を置いて蹴り上げる	todo	trajectory	古都の庭園の蹴鞠場で、若い貴族が落ちてくる鞠を蹴り上げ続ける	swing
K-DS-0018v3	拍ごとに左右へ動く的へ狙いを定め、裏拍でタップして球を蹴り当てる	todo	aim_shoot	雨の日の室内練習場で、少年団の控え選手が動く的に球を当てる練習をする	offbeat
K-DS-0019v2	左右の足場が交互に光る拍に合わせて踏み、拍ごとに一段ずつ上へ登っていく	todo	camera_climb	巨大な花の茎の上で、アリの見張り役が左右の葉を交互に踏んで花の先まで登る	straight
K-DS-0019v3	跳ねる拍に合わせて左右の足を踏み鳴らし、傾くいかだの揺れを踏み分けて真ん中に保つ	todo	balance	波に揺れる手作りのいかだの上で、漂流ごっこの子が左右の足で踏ん張る	swing
K-DS-0020v2	小節の間拳を溜め、拍型が切り替わる頭の拍でちょうど離して高く突き上げる	todo	hold_charge	大晦日の港の岸壁で、年越しの見物客が新年の鐘に合わせて拳を突き上げる	medley
K-DS-0020v3	曲の拍に合わせて拳を突き上げ続け、音が止まった瞬間はぴたりと止まって動かない	todo	freeze	夏の野外音楽堂の芝生席で、観客の少女が曲の途切れでぴたりと止まる遊びをする	break
K-DS-0021v2	拍に乗って飛んでくる羽根を打点ぎりぎりまで引きつけて打ち返し、打点とのずれを「あと少し」で見せる	todo	near_miss	夕方の団地の公園で、姉が妹の打ってくる羽根をぎりぎりまで引きつけて打ち返す	syncopation
K-DS-0021v3	弧を描く球が打点の円に重なる三拍目の一点だけを狙って打つ	todo	timing_one_shot	霧の朝のクリケット場で、控えの打者が狙いの一球だけを待ち構える	waltz
K-DS-0022v2	頷きの波が横一列を拍ごとに伝ってくる間は我慢し、自分の番の拍でだけ頷く。早く頷くと失敗	todo	cooldown_tap	野球場の外野席で、観客の一人が波のように伝わる立ち上がりの自分の番を待つ	waltz
K-DS-0022v3	会釈が伝わる拍を数え、自分の前まで来た拍の数ぴったりで頭を下げる。途中で拍型が切り替わる	todo	count_exact	合唱コンクールの雛壇で、端の団員が隣から伝わる会釈の拍を数える	medley
K-DS-0023v2	左右に往復する照準の窓が拍の頭で標識に重なっている間だけタップして読み取る	todo	timing_window	深海探査艇の操縦席で、探査員が往復する照準に深海魚の標識を捉えて記録する	straight
K-DS-0023v3	跳ねる拍を数えながら投てき器を引き絞り、動く旗が照準を通る拍でちょうど放して当てる	todo	slingshot	水辺の公園の水風船当て大会で、参加者が動く旗に水風船を当てる	swing
K-DS-0024v2	相手の構えが崩れる食い込んだ拍を見切り、その拍でだけ押し込んで一歩ずつ円の外へ押し出す	todo	push_out	浜辺の砂に描いた円の中で、漁師の子どもたちが押し合い遊びをする	syncopation
K-DS-0024v3	構えが崩れる裏拍のぎりぎりまで待ってから拳を出し、隙との差を「あと少し」で見せる	todo	near_miss	雲海を見下ろす山頂の岩棚で、修行者が向き合う師の構えの崩れを待つ	offbeat
K-DS-0025v2	拍ごとに一歩ずつ通路を進み、落ちてくる砂袋の拍は跳んで、転がる壺の拍は伏せてやり過ごす。テンポはだんだん速まる	todo	camera_run	砂漠の古い墓所の通路で、考古学者が仕掛けの砂袋と転がる壺をかわして奥へ進む	tempo_ramp
K-DS-0025v3	拍ごとに降りてくる仕掛けの間にできる隙間を見極め、拍の頭で体の形を合わせてすり抜ける。拍型が途中で切り替わる	todo	gap_fit	洗車場の洗車機の中で、小型の清掃ロボットが回るブラシの隙間に体を合わせて抜ける	medley
K-DS-0026v2	拍の頭ごとに品物を落として箱の中へ積み、崩さずに箱の縁まで積み上げる	todo	stack	引っ越しトラックの荷台で、作業員が段ボールを崩さず積み上げる	straight
K-DS-0026v3	三拍子で流れてくる花を、次の一拍目までに色ごとのバケツへドラッグして挿す	todo	drag_sort	街角の花屋の作業台で、店員が流れてくる切り花を色ごとに分けて挿す	waltz
K-DS-0027v2	跳ねる拍の頭で針が二つの窓の印を同時に指した瞬間、二本指で両方の窓を同時に叩く	todo	pinch_zone	仕掛け時計の人形劇場で、二体の人形を操る係が針の合図で同時に扉を開ける	swing
K-DS-0027v3	影の針が回る拍のあいだは引っ込んで動かず、針が印を指した拍の瞬間だけ顔を出す。音が抜ける区間も拍を保つ	todo	freeze	日時計の庭で、石像の陰に潜むトカゲが影の針が印に届く瞬間だけ顔を出す	break
K-DS-0028v2	掛け声の三拍子ごとに円を一周描いてハンドルを回し、拍と同じ速さで回し続けて船を進める	todo	rotate_gesture	湖の遊覧用の外輪船で、機関士がハンドルを回して外輪を漕ぐ	waltz
K-DS-0028v3	号令の拍が鳴る小節のあいだ拍に乗せて連打で漕ぎ、拍に合った打数だけ舟が進む。号令はだんだん速まる	todo	mash	初夏の川の競漕大会で、竜頭の舟の漕ぎ手が太鼓の号令に合わせて漕ぐ	tempo_ramp
K-DS-0029v2	流れてくる瓶がノズルの真下に来た裏拍で、蜜をひと垂らし落として注ぐ	todo	drop_timing	養蜂場の蜜詰め小屋で、養蜂家が流れてくる瓶に蜜を落として詰める	offbeat
K-DS-0029v3	跳ねる拍の頭ごとに蜜がけの菓子を一枚ずつ落とし、ずれないように高く積み上げる	todo	stack	ホテルの宴会場の厨房で、パティシエが蜜がけの焼き菓子を塔の形に積み上げる	swing
K-DS-0030v2	ゲージの光点が拍ごとに最良点へ近づく間ドライバーを溜め、最良点に来る拍でちょうど離して一気に締める。音が抜ける小節も拍を保つ	todo	hold_charge	町の自転車屋の作業場で、修理工が車輪のスポークのネジを締め上げる	break
K-DS-0030v3	お手本が鳴らした締め音の数を聞き、流れてくる部品ごとに次の小節で同じ回数ぴったり拍に乗せて締める	todo	count_exact	家具工房の組立台で、椅子職人が脚のネジを決まった回数だけ締める	call_response
K-DS-0031v2	対岸の合図灯が裏拍で光る瞬間に灯籠を上へ弾き、弾いた勢いの分だけ夜空へ打ち上げる	todo	flick_launch	高原の星祭りの夜に、村の若者が紙の天灯を夜空へ弾き上げる	offbeat
K-DS-0031v3	拍を数えながら打ち上げ台のばねを引き絞り、合図の拍でちょうど放して光玉を上げる。拍型が途中で切り替わる	todo	slingshot	大学の屋上の実験場で、気象部の学生が観測用の小さな気球をばね台から打ち上げる	medley
K-DS-0032v2	相手が話す拍のあいだは動かず、話が切れた無音の拍だけで頷く。話の途中で動くと失敗	todo	freeze	町の床屋の椅子で、散髪中の客が店主の話の切れ目にだけ頷く	break
K-DS-0032v3	話の中で拍ごとに挟まる相槌の合図の数を数え、話し終わった直後の拍にその数を答える	todo	counting	ラジオ局の収録ブースで、新人アシスタントが話し手の間の数を数えて記録する	call_response
K-DS-0033v2	浮きが跳ねる拍ごとに揺れ、沈む拍にぎりぎり合わせて竿を上げる。ずれは「あと少し」で示される	todo	near_miss	凍った湖の穴釣りで、防寒着の釣り人が氷の穴に浮かぶ浮きを見つめる	swing
K-DS-0033v3	食いついた一拍目から竿を立て続け、三拍子で示された拍数ぴったりで離して引き上げる	todo	hold_duration	湖に浮かぶ貸しボートの上で、釣り好きの少年が竿を立て続けて魚を引き寄せる	waltz
K-DS-0034v2	落ちてくる玉の拍を数えながら受け台のゴムを引き絞り、玉が受け台に触れる拍でちょうど放して打ち返す。テンポはだんだん速まる	todo	slingshot	木のおもちゃ工房の試験台で、職人がゴム仕掛けのはじき台で玉を打ち返す	tempo_ramp
K-DS-0034v3	左右の落下口に玉が落ちてくる食い込んだ拍に合わせ、左手と右手でそれぞれの受け台を叩いて弾き返す	todo	coop_2zone	風船工場の検査場で、検査員が左右の管から落ちてくる風船を両手で打ち上げる	syncopation
K-DS-0035v2	拍ごとに二つの合図が同時に鳴り、長く響いた方を次の拍の頭で選ぶ	todo	size_judge	ピアノ調律師の工房で、見習いが二つの音叉のうち長く響く方を選ぶ	straight
K-DS-0035v3	拍ごとに出る三種の合図札を、次の拍までに対応する三つの穴へドラッグして仕分ける。拍型が途中で切り替わる	todo	drag_sort	森の木の実の貯蔵庫で、リスの番人が三種の木の実を穴ごとに仕分ける	medley
K-DS-0036v2	親方が打った数を聞き、次の小節で拍に合わせて槌を打ち下ろして同じ回数ぴったりで止める	todo	count_exact	村の蹄鉄屋で、若い蹄鉄工が親方の打った数だけ蹄鉄を打つ	call_response
K-DS-0036v3	拍がだんだん速まる中、拍の頭ごとに槌を連打して型の蓋を打ち固める	todo	mash	鐘を鋳る鋳物工場で、職人が鋳型の蓋を槌で打ち固める	tempo_ramp
K-DS-0037v2	左手で拍ごとに幕の綱を引き、右手で拍の頭に拍子木を打って場面を切り替える。音が抜ける間も拍を保つ	todo	coop_2zone	村の人形芝居の舞台裏で、黒衣の裏方が片手で幕を引き片手で拍子木を打つ	break
K-DS-0037v3	相方と一拍ずつ交互に木板を打ち合い、自分の拍でだけ打って間を崩さない	todo	turn_attack	峠の関所の門前で、二人の門番が交互に木板を打って開門の刻を告げる	call_response
K-DS-0038v2	跳ねる拍の裏で二本指を同時に画面へ置いて指を鳴らし、ビートを保ち続ける	todo	pinch_zone	夜行列車の食堂車で、ウェイターが客の足踏みに合わせて指を鳴らす	swing
K-DS-0038v3	指を鳴らす裏拍ごとに一歩ずつ坂道を進み、拍の頭で段差や水たまりを跳び越える	todo	camera_run	雨の夜の石畳の坂道で、傘を持った靴磨きの少年が指を鳴らしながら帰り道を行く	offbeat
K-DS-0039v2	左手で食い込む拍ごとに跳ねる調子を取り、右手で掛け声の山の拍に手拍子を打つ	todo	coop_2zone	冬の公民館のなわとび大会で、応援係の子が跳ねながら手拍子を打つ	syncopation
K-DS-0039v3	掛け声の山ごとに手拍子を拍に合わせるたび倍率が伸び、外すと倍率が戻る。拍型が途中で切り替わる	todo	jackpot_combo	船上の結婚披露宴で、招待客たちが手拍子をそろえて盛り上げる	medley
K-DS-0040v2	拍ごとに宙に浮かぶ生地の帯の点を、拍の順に一筆の線で結んで切り分ける	todo	connect	製麺所の作業台で、麺打ち職人が宙に舞う生地の帯を順に切り分ける	straight
K-DS-0040v3	跳ねる拍ごとに放り上げられる薪の、間合いに入った拍の頭で狙ってタップして割る	todo	aim_shoot	冬の炭焼き小屋の前で、炭焼き職人が放り上げた薪に狙いを定めて割る	swing
K-DS-0041v2	拍ごとに噴き上がる水柱の間にできる隙間を見極め、食い込んだ拍の頭で体の向きを合わせて踏み込む	todo	gap_fit	地下水路の飛び石で、配管工が噴き上がる水柱の隙間へ踏み込んで渡る	syncopation
K-DS-0041v3	拍ごとに一歩ずつ丸太を渡り、跳ね上がる丸太の拍は跳んで、沈む丸太の拍は待ってやり過ごす。音が抜ける区間も拍を保つ	todo	camera_run	夜の沼地で、ランタンを提げた郵便配達人が浮き沈みする丸太を渡っていく	break
K-DS-0042v2	遠くの台が上げた合図の拍の順に、台から台へ線で結んで合図を送り継ぐ	todo	connect	砂漠のオアシスを結ぶ狼煙台で、番人が上がった煙の順に台を結ぶ	call_response
K-DS-0042v3	前の中継所から届いた三拍子の一拍目で信号の玉を弾き、次の中継所へ届く勢いで送り継ぐ	todo	flick_launch	高原の電波中継所で、技師が届いた信号の玉を次の中継所へ弾き送る	waltz
K-DS-0043v2	軋む板の三拍子に合わせて左右の足を踏み分け、揺れる縄の上で重心を保って渡り切る	todo	balance	樹上の村をつなぐ縄の渡り廊下で、木の実運びの子が揺れを踏み分けて渡る	waltz
K-DS-0043v3	板が沈んで浮き上がる拍の一点だけを狙って次の板へ踏み込む。音が抜ける区間も拍を数えて踏む	todo	timing_one_shot	冬の凍った川で、薪を背負った少女が浮き沈みする氷板の上を渡る	break
K-DS-0044v2	呼びかけ役が投げた節を聞き、並んだ札の中から同じ拍の型を持つ二枚を見つけてそろえて返す	todo	pair_match	朝の魚市場で、見習いの仲買人が競り人の拍子と同じ型の札を探して掲げる	call_response
K-DS-0044v3	呼びかけ役と一節ずつ交互に打ち合い、自分の番の拍でだけ食い込む拍の型を打ち返す	todo	turn_attack	渓谷を下るゴムボートの上で、舵取りと漕ぎ手が掛け声を交互に打ち合う	syncopation
K-DS-0045v2	拍ごとに流れてくる具材を、粉の上にいる拍のあいだ指で往復してこすり、粉をまとわせる	todo	rub	高原の民宿の台所で、宿の娘が流れてくる野菜に粉をまぶす	straight
K-DS-0045v3	拍ごとに流れてくる具材を、次の拍までに合う衣の鉢へドラッグして仕分ける。拍型が途中で切り替わる	todo	drag_sort	学校の調理実習室で、班長が具材を粉・卵・パン粉の鉢へ振り分ける	medley
K-DS-0046v2	号令の拍ごとに移る隊形の位置へ自分の機体を指で追わせ、足並みを遅れず揃える	todo	drag_follow	空を飛ぶ曲技飛行チームで、端の一機が号令ごとに隊形の位置へついていく	straight
K-DS-0046v3	号令の跳ねる拍に合わせて左右交互に足場を踏み、拍ごとに一段ずつ塔を登って仲間と足並みを揃える	todo	camera_climb	建設中の鉄塔で、鳶職の見習いが先輩と足並みを揃えて足場を登る	swing
K-DS-0047v2	落ちてくる木の実が地面に着く拍の頭で指を弾き、弾いた勢いで川向こうのかごへ蹴り返す。テンポはだんだん速まる	todo	flick_launch	夕暮れの河原で、少女が落ちてくる木の実を蹴って川向こうのかごへ返す	tempo_ramp
K-DS-0047v3	跳ね返りが着地する裏拍ぎりぎりまで引きつけて蹴り、拍とのずれを「あと少し」で見せる	todo	near_miss	雨の練習グラウンドで、ゴール前の選手が跳ね返りを待って蹴り込む	offbeat
K-DS-0048v2	跳ねる拍ごとに落ちてくる茶碗を籠で受け、籠の上に崩さず積み重ねていく	todo	stack	瀬戸物市の荷車の横で、陶器屋の見習いが棚から落ちる茶碗を受けて重ねる	swing
K-DS-0048v3	食い込む拍ごとに二つ同時に落ちてくる実の、大きい方の下へ籠を滑らせて受ける	todo	size_judge	秋の栗林で、子どもが落ちてくる大きな栗を選んで籠で受ける	syncopation
K-DS-0049v2	相手が拍ごとに描いた腕の軌跡を、次の小節で同じ拍の速さでなぞり返す	todo	trace	雪の公園の斜面で、子どもが父の描いたそりの跡を同じ拍でなぞって滑る	call_response
K-DS-0049v3	相手が拍ごとに出す左右の腕振りを見て、左手と右手で同じ側を同時に返す	todo	coop_2zone	ダム工事現場のクレーン操縦台で、見習いが教官の両手の合図を同じ手で返す	straight
K-DS-0050v2	弾む拍の頂点ごとに一段上の足場へ踏み込み、拍を外さずに上へ上へと登っていく。テンポはだんだん速まる	todo	camera_climb	天井まで続く図書塔で、司書見習いがばね靴で上の棚へ跳び移っていく	tempo_ramp
K-DS-0050v3	裏拍ごとに迫る枝と枝の間の隙間を見極め、跳躍の頂点で体を縮めてすり抜ける	todo	gap_fit	夕暮れの森で、ムササビの子が枝の隙間を抜けながら木から木へ滑空する	offbeat
K-DS-0051v2	左手で拍の頭ごとに鈴を振り続け、右手で裏拍に灯った側の太鼓だけを打つ	todo	coop_2zone	南の島の浜辺の宴で、打楽器奏者が片手で振り物、片手で太鼓を鳴らす	offbeat
K-DS-0051v3	灯が点く小節のあいだ拍に乗せて連打し、灯が消えた無音の小節は拍を保って手を止める	todo	mash	鉄道の開通式典の楽隊で、太鼓手が小節ごとの連打で式典を盛り上げる	break
K-DS-0052v2	跳ねる拍ごとに位置を変えて跳ね回る子ヤギを追い、止まった拍の頭で手のひらを合わせる	todo	chase	春の農場の納屋で、子どもが跳ね回る子ヤギを追いかける	swing
K-DS-0052v3	相手が食い込む拍でフェイントを出すあいだは手を動かさず、本気で伸ばしてきた拍だけ手を合わせる	todo	freeze	動物保護施設の遊び場で、職員が子犬の前脚のフェイントを見極めて遊ぶ	syncopation
K-DS-0053v2	三拍子の一拍目ごとにくちばしを打ち付け、氷が割れるまでの示された回数ぴったりで止める	todo	count_exact	冬の牧場の凍った水桶で、カラスが氷を決まった数だけつついて割る	waltz
K-DS-0053v3	拍ごとに一段ずつ幹を登り、拍の頭でくちばしを打ち込んで次の足場を作る。拍型が途中で切り替わる	todo	camera_climb	巨木の切り株が並ぶ森で、キツツキの若鳥が幹をつつきながら梢へ登っていく	medley
K-DS-0054v2	立ち合いの拍から押し合いが始まり、拍ごとに左右をタップして押し返しながら浮き台の真ん中で重心を保つ	todo	balance	海水浴場の浮き桟橋の上で、子どもたちが押し合いながら落ちずに踏ん張る	straight
K-DS-0054v3	立ち合いの拍から小節のあいだ拍に乗せて連打で押し込み、拍に合った打数で相手を下がらせる。拍はだんだん速まる	todo	mash	高原の羊の囲いで、若い雄羊が群れの仲間と頭を合わせて押し合う	tempo_ramp
K-DS-0055v2	相方が拍ごとに出した足の側を見て、同じ側の足の札を二枚そろえて次の拍の頭で出す	todo	pair_match	港の倉庫を改装した稽古小屋で、見習いの役者が相手役の出した足と同じ足の札をそろえる	call_response
K-DS-0055v3	相方の足が出るまで我慢し、相方と同じ三拍子の拍でだけ足を踏み出す。先走ると失敗	todo	cooldown_tap	月夜の浜辺で、二羽の鶴が向かい合って足を踏み出す求愛の踊り	waltz
K-DS-0056v2	加速する太鼓の拍の頭で、放り上げられた果物に一線を引いて切り分ける	todo	slice	南国の果物市場で、果物売りが放り上げた果物を拍ごとに切り分ける	tempo_ramp
K-DS-0056v3	拍の頭で切れるたび倍率が上がり、拍を外すと倍率が戻る。拍型が切り替わっても乗り続けるほど見せ場が伸びる	todo	jackpot_combo	雪像づくりの広場で、氷彫刻家が放り上げた氷片を拍ごとに削って見せる	medley
K-DS-0057v2	宙返りする相方の弧を三拍子の拍で読み、着地する拍の点へ腕を構えて受け止める	todo	trajectory	体操競技場の練習場で、コーチが宙返りする選手の着地点で待ち構える	waltz
K-DS-0057v3	受け止めた演者を跳ねる拍ごとに左右をタップして支え、梯子の上で重心を保ち続ける	todo	balance	新年の梯子乗りの演目で、下で梯子を支える若者が上の演者の重心を保つ	swing
K-DS-0058v2	裏拍ごとに落ちてくる毛糸玉を受け皿で受け、受けた玉を崩さず上へ積み上げていく	todo	stack	毛糸屋の倉庫で、店員が棚から落ちてくる毛糸玉を受けて積み上げる	offbeat
K-DS-0058v3	左右に往復する盆の真上に来た拍の頭で、手毬を落として盆に乗せる。音が抜ける区間も拍を保つ	todo	drop_timing	古い商家の蔵で、蔵番が梁の上から往復する盆へ手毬を落とす	break
K-DS-0059v2	フェイントの拍のあいだ走り出す力を溜め、本物の合図が食い込んで灯る拍でちょうど離して一気に駆け出す	todo	hold_charge	犬ぞりレースのスタート地点で、先頭の犬が号砲を待って力を溜める	syncopation
K-DS-0059v3	本物の合図の拍から弾み出し、拍ごとの踏み込みを重ねて相手を円の外へ押し出す。拍型が途中で切り替わる	todo	push_out	体操クラブの大きなトランポリンの上で、子どもが弾みながら相手を円の外へ押し出す	medley
K-DS-0060v2	周りの手拍子に合わせて打ち続け、静止の合図が鳴った拍からは音が戻るまで一切手を動かさない	todo	freeze	教会の聖歌隊の最後列で、少年が指揮者の静止の合図にぴたりと止まる	break
K-DS-0060v3	周りの手拍子の拍を数え、静止の合図までに鳴った数を拍の頭で答える	todo	counting	市民会館の音楽会で、客席係の少年が拍手の数を数えて記録する	straight
K-DS-0061v2	曲の切れ目の拍から綱を押さえ続け、次の曲の頭の拍までぴったり保って離す。拍型は曲ごとに切り替わる	todo	hold_duration	夜の駅の構内放送室で、駅員がチャイムの綱を曲の切れ目まで押さえ続ける	medley
K-DS-0061v3	流れる曲の拍を数え、切れ目までに何拍あったかを切れ目の拍で答える。曲はだんだん速くなる	todo	counting	映画館の映写室で、映写技師が曲の拍を数えて巻の切り替え点を答える	tempo_ramp
K-DS-0062v2	跳ねる拍ごとに光る矢印の道を、はみ出さずに指で一マスずつ辿って踏み進む	todo	guide_path	地下街の光る床の通路で、配達の青年が光る道を辿って届け先へ向かう	swing
K-DS-0062v3	裏拍ごとに別の口へ移る噴水を追い、噴き上がった口を拍の頭で踏む	todo	chase	夜の噴水広場で、子どもが次々噴き上がる噴水の口を追いかけて踏む	offbeat
K-Wii-0001v2	お手本が拍ごとに見せた身振りと同じか違うかを見極め、次の拍で○か×のゾーンを叩く	todo	judge	百貨店のマネキン工房で、見習いがお手本のポーズと同じかどうかを見分ける	call_response
K-Wii-0001v3	お手本の身振りを見た後、並んだ札の中から同じ身振りの札を二枚そろえて拍の頭でめくる。拍型が途中で切り替わる	todo	pair_match	絵本作家のアトリエで、画家見習いが同じ身振りの下絵を二枚探してそろえる	medley
K-3DS-0001v2	拍ごとに増えていく合図の並びを覚え、前の並びに新しい一つを足して同じ拍で返す	todo	memory_sequence	古い電話交換局で、交換手見習いが増えていく呼び出しの順を覚えて返す	call_response
K-3DS-0001v3	三拍子で並ぶ合図の中から、新しく混ざった一つを見つけて一拍目の頭でタップする	todo	spot	骨董市の露店で、店番が並んだ品に新しく加わった一つを見つけ出す	waltz
K-X-0001v2	二つずつ流れてくる音符のうち大きい方を見極め、拍の頭でその側の面を叩く	todo	size_judge	港町の和太鼓教室で、入門したての生徒が大小の音符を見比べて叩く	straight
K-X-0001v3	左手で拍ごとに縁を刻み続け、右手で中央の音符が食い込んで来た拍だけ中央を叩く	todo	coop_2zone	河口の渡し場で、渡し守が片手で舟縁を叩き片手で太鼓を打って客を呼ぶ	syncopation
K-X-0002v2	一定の速さで往復する臼の真上に来た三拍子の拍で、中央用か縁用かの杵を落として打ち分ける	todo	drop_timing	水車小屋の屋根裏で、粉屋が往復する臼の真上から杵を落とす	waltz
K-X-0002v3	一定の速さで流れてくる音符が中央か縁かを見分け、裏拍で正しい面を叩く	todo	judge	森の奥の木こり小屋で、木こりが切り株の中央と縁を叩き分けて仲間に合図を送る	offbeat
K-X-0003v2	高密度の音符が流れる小節のあいだ拍に乗せて連打し、拍に合った打数で機関の圧を保つ。テンポはだんだん速まる	todo	mash	蒸気機関車の運転台で、機関助手が拍に合わせて石炭をくべ続ける	tempo_ramp
K-X-0003v3	高密度の音符の中で跳ねる拍の頭の音符だけを叩き、間の音符には手を出さずに我慢する	todo	cooldown_tap	鉄道の踏切番小屋で、番人が次々通る貨車の中で先頭車の拍だけ鐘を打つ	swing
K-X-0004v2	連続音符が続く拍数ぴったり綱を引き続け、音符の終わりの拍で離す。音が抜ける区間も拍を保つ	todo	hold_duration	蒸気船の汽笛室で、船員が汽笛の綱を示された拍数だけ引き続ける	break
K-X-0004v3	お手本が鳴らした数を聞き、連続音符の間その数ぴったりを拍に乗せて叩いて次の拍で止める	todo	count_exact	町役場の窓口で、係員が書類に判子を決まった数だけ押す	call_response
K-X-0005v2	印が浮かぶ拍のあいだ指で往復してこすり続け、跳ねる拍に合った往復の数で封を削り取る	todo	rub	骨董修復室で、修復師が古い壺の封をこすって削り取る	swing
K-X-0005v3	印が浮かぶ三拍子の一拍目ごとに叩いて石の栓を一歩ずつ押し出し、刻限までに台座の外へ落とす	todo	push_out	遺跡の発掘現場で、発掘者が石の栓を叩いて押し出す	waltz
K-X-0006v2	見せ場の小節に入ったら拍に乗せて連打し、拍に合った打数だけ得点が膨らむ。見せ場ごとに拍型が切り替わる	todo	mash	新しい橋の渡り初め式で、楽団の太鼓打ちが見せ場の小節を連打で盛り上げる	medley
K-X-0006v3	見せ場の小節で拍ごとに灯りから灯りへ跳び移る光を追い、拍の頭で光に触れるほど得点が伸びる。テンポはだんだん速まる	todo	chase	冬の夜の運河沿いで、点灯係が次々に灯る街灯の光を追いかける	tempo_ramp
K-X-0007v2	5本のレーンを拍ごとに乗り移り、食い込んだ拍に落ちてくる音の粒をよけて空いたレーンに立ち続ける	todo	dodge	鍵盤の形をした大階段で、小人の演奏家が降ってくる音の粒をよけて渡る	syncopation
K-X-0007v3	5つの鍵盤のうち二つに同時に音符が重なる拍の頭で、二本指で二つを同時に押さえる	todo	pinch_zone	ホテルのロビーのピアノで、ピアノ弾きが和音の鍵を二本指で同時に押さえる	straight
K-X-0008v2	跳ねる拍の流れに合わせて円筒を指で回し続け、拍ごとに一周の速さを保って音をつなぐ	todo	rotate_gesture	古いオルゴール工房で、職人が音の出る円筒を拍の速さで回し続ける	swing
K-X-0008v3	拍ごとに流れてくる音符の形を見て、7つの穴のうち合う形の穴へ裏拍で差し込む	todo	gap_fit	町の鍵屋の作業台で、鍵職人が鍵穴の形に合う鍵を差し込んでいく	offbeat
K-X-0009v2	9本の管の上を往復する雨粒が、音符と同じ管の真上に来た拍の頭で落として鳴らす。テンポはだんだん速まる	todo	drop_timing	雨の日のバス停の屋根の下で、少年が9本の雨樋へ雨粒を落として音を鳴らす	tempo_ramp
K-X-0009v3	9つの点が拍ごとに光る順に、拍の頭で一つずつ線で結んで網を張る。音が抜ける区間も拍を保って結ぶ	todo	connect	朝露の庭先で、蜘蛛が露の光る順に糸を結んで巣を張っていく	break
K-X-0010v2	裏拍ごとに降ってくる色の実を、次の拍までに色ごとの5つのかごへドラッグして振り分ける	todo	drag_sort	高原のベリー摘み農園で、摘み手が色ごとの実を5つのかごへ振り分ける	offbeat
K-X-0010v3	拍ごとに降ってくる色の飴玉の中から同じ色の二つを見つけ、拍の頭で二つを続けて指す。拍型が途中で切り替わる	todo	pair_match	駄菓子屋の奥で、店番の少女が同じ色の飴玉を二つずつ袋に詰める	medley
K-X-0011v2	落ちてくる矢印が判定線に届く拍の頭で、その矢印と同じ向きへ払う。拍型が途中で切り替わる	todo	swipe_direction	雪の交差点で、交通整理の係員が矢印の向きへ手を払って車を通す	medley
K-X-0011v3	落ちてくる矢印が判定線にぴったり重なる拍の一点だけを狙って、その向きのパネルを叩く。音が抜ける区間も拍を保つ	todo	timing_one_shot	立体駐車場の管理室で、係員が合図の矢印が重なる瞬間にボタンを叩く	break
K-X-0012v2	中心から8方向へ放たれる信号の中で、本物の信号が狙いの輪に入った裏拍でタップして捉える	todo	aim_shoot	宇宙港の管制塔で、管制官が8方向から来る船の本物の信号を捉える	offbeat
K-X-0012v3	手本が拍ごとに示した向きを見て、8方向から迫るつららを次の小節で同じ向きに沿って一線に切る	todo	slice	氷の洞窟で、つらら職人が8方向から伸びるつららを切り落とす	call_response
K-X-0013v2	矢印が伸びている三拍子のあいだ、左右をタップして天秤の傾きを戻し、真ん中に保ち続ける	todo	balance	香辛料市場の露店で、香辛料商が天秤の傾きを戻して水平に保つ	waltz
K-X-0013v3	伸びていく光の線に指先の車両を拍の速さで追わせ、線の終わりの拍まで離れずについていく。拍はだんだん速まる	todo	drag_follow	雨の夜の路面電車で、運転士が伸びていく軌道の灯を追って走る	tempo_ramp
K-X-0014v2	音頭取りと一拍ずつ交互に打ち合い、自分の番の拍で相手と同じ順の掛け声を返す	todo	turn_attack	羊飼いの丘で、二人の羊飼いが交互に角笛を吹き交わす	call_response
K-X-0014v3	掛け声の順に鳴った色を覚え、拍の頭ごとに同じ順の色の積み木を落として積み上げる。音が抜ける区間も拍を保つ	todo	stack	保育園の積み木の時間で、年長の子が先生の唱えた順に積み木を積む	break
K-X-0015v2	型の拍が流れる間はあえて動かず、曲が途切れた無音の拍の瞬間だけ決めポーズを取る	todo	freeze	ファッションショーの舞台の奥で、モデルが曲の途切れにだけポーズを変える	break
K-X-0015v3	型の拍が続く間は我慢し、自分の間と決めた食い込む拍でだけ決めを入れる。続けて打つと崩れる	todo	cooldown_tap	書の実演舞台で、書家が曲の間に自分の間で筆を止めて決める	syncopation
K-X-0016v2	師匠が弾いた左右の手の順を覚え、弾き終わった直後に同じ順で左右を拍に乗せて弾き返す	todo	memory_sequence	竹琴の工房で、弟子が師匠の打った左右の竹の順を打ち返す	call_response
K-X-0016v3	手本のフレーズで二本の弦が同時に鳴った跳ねる拍だけ、二本指で両方を同時に押さえて返す	todo	pinch_zone	山あいの温泉宿の広間で、琴の弾き手が和音の二本を同時に押さえる	swing
K-X-0017v2	拍ごとに迫る旗門の形を見て、跳ぶ・かがむ・横によけるの中から合う体勢を選び拍の頭ですり抜ける	todo	gap_fit	雪山の滑降コースで、スキーヤーが旗門の形に合わせて体勢を変える	straight
K-X-0017v3	拍ごとに迫る障害物の形を見て、上・下・横へ拍の頭で払って跳ぶ・くぐる・よけるを切り替える。テンポはだんだん速まる	todo	swipe_direction	滝の裏の洞窟で、カワウソが流れてくる流木を跳んだりくぐったりして進む	tempo_ramp
K-X-0018v2	曲の拍ごとに生まれる足場を拍の頭で踏み、上へ上へと登っていく。拍型が途中で切り替わる	todo	camera_climb	夜空へ伸びる音の階段で、小さな楽団員が拍ごとに現れる段を登っていく	medley
K-X-0018v3	拍ごとに迫る壁の空いた形を見て、食い込んだ拍の頭で体の形を合わせてすり抜ける	todo	gap_fit	砂の城の回廊で、ヤドカリが迫る砂壁の穴に殻を合わせて抜ける	syncopation
K-X-0019v2	光の輪が広がり始めた一拍目から手をかざし続け、三拍子で広がりきる拍ぴったりで離す	todo	hold_duration	雨上がりの庭園の手水鉢で、少女が水面の波紋が広がりきるまで指を当て続ける	waltz
K-X-0019v3	裏拍ごとに二つの玉が膨らみ、大きく膨らんだ方を次の拍の頭で選ぶ	todo	size_judge	ガラス工房で、吹きガラス職人が大きく膨らんだ方の玉を選ぶ	offbeat
K-X-0020v2	拍ごとに光る端子の順に、裏拍で一つずつ線で結んで回路を通す	todo	connect	夜の街の電飾看板の裏で、電気工が光る端子を順に結んで看板を灯す	offbeat
K-X-0020v3	拍ごとに伸びる細い通路を、はみ出さずに拍の速さで灯を指で運ぶ。音が抜ける区間も拍を保って進む	todo	guide_path	暗い坑道で、坑夫がランタンの灯を細い通路からはみ出さず運ぶ	break
K-X-0021v2	拍ごとにボルトの縁を指で往復してこすり、拍に合った往復で錆を落としてゆるめる。拍はだんだん速まる	todo	rub	古い鉄橋の点検で、保線員がボルトの錆をこすり落とす	tempo_ramp
K-X-0021v3	拍に合わせて一目盛りずつ円をなぞって回し、示された回数ぴったりで止めて水を通す。拍型が途中で切り替わる	todo	count_exact	田んぼの水口で、農夫が拍に合わせて水口の板を決まった数だけ上げる	medley
K-X-0022v2	次々流れてくる音符の中から自分の色の音符だけを見つけ、裏拍でそれだけを鳴らす	todo	spot	老人ホームの音楽会で、ハンドベル係の少女が自分の色の音符だけを鳴らす	offbeat
K-X-0022v3	他の奏者の音が続くあいだは我慢し、音が抜けた後の自分のパートの拍でだけ叩く。早く叩くと崩れる	todo	cooldown_tap	大きな吹奏楽団の最後列で、シンバル奏者が自分の出番の一打だけを待つ	break
K-X-0023v2	奏者たちと一節ずつ順に音を重ね、自分の番が巡ってきた拍でだけ音を入れる。番の外で鳴らすと崩れる	todo	turn_attack	観覧車のゴンドラごとに乗り込んだ楽団で、自分のゴンドラが頂上に来た番に音を入れる奏者	call_response
K-X-0023v3	回ってくる台の、自分の持ち場の真上に来た三拍子の一拍目で飾りの粒を落として重ねる	todo	drop_timing	回転する菓子の飾り台の前で、菓子職人が自分の前に来た皿に飾りを落とす	waltz
K-X-0024v2	手本が拍ごとに鳴らした音を聞き、同じ音の足場を二つ見つけて次の小節の拍の頭に続けて踏む	todo	pair_match	砂浜に並ぶ貝殻の笛の前で、少年が同じ音の貝を二つ探して鳴らす	call_response
K-X-0024v3	手本が光らせた順を覚え、同じ順に四方の足場を拍ごとに踏んで一段ずつ上へ登る。拍型が途中で切り替わる	todo	camera_climb	大樹の幹に巻きついた螺旋階段で、森の郵便屋が光る足場の順に登っていく	medley
K-X-0025v2	先輩が拍ごとに投げる問いの合図を見分け、次の拍の頭で「晴れ」か「雨」のゾーンを叩いて答える	todo	judge	気象予報士の研修室で、研修生が先輩の問いに晴れか雨の札を上げて答える	call_response
K-X-0025v3	食い込む拍ごとに二つの答え札が出て、重い方を次の拍の頭で選んで答える	todo	size_judge	量り売りの乾物屋で、見習いが重い方の袋を選んで店主に答える	syncopation
K-X-0026v2	判定線に合わせて弦を跳ねる拍ごとに上下にこすり、拍に乗った往復だけ音が響く	todo	rub	地底湖のほとりで、旅の楽師が弦をこすって洞窟の反響を響かせる	swing
K-X-0026v3	長い音符の拍のあいだ弦を押さえて溜め、音符の終わりの拍でちょうど離して弾く。音が抜ける区間も拍を保つ	todo	hold_charge	美術館の中庭の演奏会で、ハープ弾きが弦を溜めて一気に弾き放つ	break
K-X-0027v2	拍ごとに流れてくる音符を、光った側の持ち場の棚へ次の拍までにドラッグして分ける。テンポはだんだん速まる	todo	drag_sort	古本屋の棚の前で、店主が左右の棚へ届いた本を振り分ける	tempo_ramp
K-X-0027v3	自分の持ち場が光った裏拍でだけ石を落とし、崩さずに自分の側の塔を積み上げる	todo	stack	河原の石積み遊びで、兄弟が左右に分かれて交互に石を積み上げる	offbeat
K-X-0028v2	流れてくる譜面を一人で叩き、拍とずれた打ちには必ず「あと少し」の差を示す。ぎりぎりで拍に合わせるほど得点が伸びる	todo	near_miss	放課後の軽音部の部室で、打楽器担当の生徒が一人で譜面をなぞって練習する	straight
K-X-0029v2	曲線の区間ではつまみを三拍子と同じ速さで指で回し、拍ごとの目盛りに遅れず合わせる	todo	rotate_gesture	古い無線局の送信室で、通信士が周波数のつまみを拍に合わせて回す	waltz
K-X-0029v3	拍ごとに来る区間がボタンの区間かつまみの区間かを見分け、拍の頭で対応するゾーンを叩く。拍型が途中で切り替わる	todo	judge	大型客船の操舵室で、航海士が合図の種類を見分けて舵と汽笛を使い分ける	medley
K-X-0030v2	八方から迫る光の粒が受信リングに入った拍の頭で狙ってタップし、捕まえる。テンポはだんだん速まる	todo	aim_shoot	夏の夜の空き地で、子どもが迫ってくる蛍の光に狙いを定めて虫かごに捕まえる	tempo_ramp
K-X-0030v3	迫る光の粒の拍を数えながらゴムを引き絞り、リングに重なる拍でちょうど放して光の球を返す。音が抜ける区間も拍を保つ	todo	slingshot	月夜の麦畑で、見回りの少年がゴムの投てき器で迫る影に光の球を返す	break
K-X-0031v2	円周に沿って伸びる光の道を、はみ出さずに跳ねる拍の速さで指を辿らせる	todo	guide_path	円形の城壁の上の遊歩道で、観光案内の少女が小旗を持って円い道を辿る	swing
K-X-0031v3	円周に沿って伸びる音符に合わせ、三拍子の拍ごとに円を指でぐるりと回して音をつなぐ	todo	rotate_gesture	大きな糸車の前で、紡ぎ手が拍ごとに糸車を回して糸をつないでいく	waltz
K-X-0032v2	拍ごとに上下へ揺れる合図に合わせて左右をタップし、傾く体を戻して合図の高さで真っ直ぐ保つ	todo	balance	秋の広場の竹馬競争で、高い竹馬に乗った少年が傾く体を戻して歩く	straight
K-X-0032v3	お手本の合図の高さを見て、次の小節で拍に合った往復で石をこすって光らせ、同じ高さまで光を伸ばす	todo	rub	夜の洞窟探検で、隊員が発光石をこすって仲間の合図の高さまで光を届ける	call_response
K-X-0033v2	左右どちらかが光る食い込んだ拍ごとに、指先のトロッコを光った側へ遅れず追わせる	todo	drag_follow	地下鉱山の線路で、トロッコの運転手が左右に光る分岐へ車体を寄せる	syncopation
K-X-0033v3	左右に往復する荷台が光った側の真下に来た拍の頭で、雪を落として積む。テンポはだんだん速まる	todo	drop_timing	雪国の除雪基地で、雪運びの係が往復する荷台に雪を落として積む	tempo_ramp
K-X-0034v2	拍ごとに光るマスが移り変わり、光ったマスを追って拍の頭で跳び移る	todo	chase	巨大な盤面の庭で、駒役の子が光るマスを追って跳び移る	straight
K-X-0034v3	往復する目印が光る葉の真上に来た拍の頭で跳び降りて押さえる。音が抜ける区間も拍を保つ	todo	drop_timing	蓮の池で、カエルが光る蓮の葉の真上から跳び降りる	break
K-X-0035v2	伸びてくる音が短いか長いかを拍ごとに見分け、短ければ点のゾーン、長ければ線のゾーンを拍の頭で叩く。拍型が途中で切り替わる	todo	judge	古い通信室で、通信士が短い音と長い音を聞き分けて札を打つ	medley
K-X-0035v3	伸びてくる光の線の長さの分だけ、跳ねる拍の頭ごとに薪を落として積み上げ、線の終わりの拍で止める	todo	stack	雪国の薪小屋で、村人が薪を拍ごとに積み上げていく	swing
K-X-0036v2	制動の光が伸びている拍のあいだ押さえ続け、光の終わりの拍ぴったりで離して速度を合わせる。音が抜ける区間も拍を保つ	todo	hold_duration	大きな跳ね橋の操作室で、橋守が跳ね橋の制動を光の終わりまで押さえる	break
K-X-0036v3	相方の踏み込みの合図が判定点にぴったり重なる食い込んだ拍の一点だけを狙ってタップし、ペダルを合わせる	todo	timing_one_shot	海沿いの二人乗り自転車で、後ろの乗り手が前の乗り手の踏み込みに合わせてペダルを踏む	syncopation
K-X-0037v2	真っ暗な中で鳴った音の並びを耳だけで覚え、鳴り終わった直後に同じ並びを同じ拍で返す	todo	memory_sequence	星のない夜の森で、フクロウの子が親の鳴き声の並びを覚えて返す	call_response
K-X-0038v2	暗がりの中、裏拍で鳴る霧笛が知らせる向きの逆へ拍の頭で体をずらし、見えない岩をよける	todo	dodge	霧の湖で、手漕ぎボートの漕ぎ手が霧笛の拍を頼りに岩をよける	offbeat
K-X-0038v3	暗がりの中、拍ごとに鳴る鈴の方へ、はみ出さずに細い道を指で辿る。音が抜けた区間も拍を保って進む	todo	guide_path	雪嵐の夜の山道で、山岳ガイドが前を行く鈴の拍だけを頼りに進む	break
K-X-0039v2	一瞬だけ光った点の並びを覚え、消えた後に拍ごとに一つずつ同じ順に線で結ぶ	todo	connect	漁火の見える入り江で、漁師の娘が一瞬灯った漁火の並びを線で結ぶ	call_response
K-X-0039v3	一瞬だけ見えた光の数を覚え、消えた後に拍ごとに数え上げて同じ数を答える。拍型が途中で切り替わる	todo	counting	夏の河原の打ち上げ花火の見物席で、子どもが一瞬で消えた花火の数を数える	medley
